Category,Name,Key,Parents,ParentsHidden,Siblings,PermWarp,StickyWarp,Tag,ItemTrigger,EntityTrigger,AspectTrigger,DisplayColumn,DisplayRow
BASICS,"Warp, Flux and all things bad",WARP,,,WARPWARNING,0,0,<empty>,,,,0,2
BASICS,Research,RESEARCH,,,WARPWARNING,0,0,<empty>,,,,2,0
BASICS,Enchantments,ENCHANT,,,,0,0,<empty>,,,,-4,-2
BASICS,Auras and Nodes,NODES,,,@TMNODES,0,0,<empty>,,,,-2,0
BASICS,Research Duplication,RESEARCHDUPE,RESEARCHER2,,,0,0,12xSensus;12xCognitio;12xFabrico;9xLucrum;6xPerditio;3xPotentia,,,,4,5
BASICS,Ores,ORE,,,,0,0,<empty>,,,,-2,-2
BASICS,Aspects of Magic,ASPECTS,,,,0,0,<empty>,,,,0,0
BASICS,Knowledge Fragments,KNOWFRAG,RESEARCH,,,0,0,<empty>,,,,3,-2
BASICS,Research Mastery,RESEARCHER2,RESEARCHER1,,,1,1,9xCognitio;9xSensus;6xOrdo;6xLux;3xPermutatio,,,,3,3
BASICS,The Crimson Cult,CRIMSON,,,,2,1,<empty>,,,,0,4
BASICS,Container Scanning,salisarcana:CHESTSCAN,DECONSTRUCTOR,,,0,0,10xOrdo;10xPerditio;10xPermutatio,,,,8,3
BASICS,Node in a Jar,NODEJAR,NODEPRESERVE,,,0,0,12xAuram;12xMotus;9xLucrum;6xPermutatio;3xVitreus,,,,-7,4
BASICS,Research Expertise,RESEARCHER1,RESEARCH,,,0,0,6xCognitio;6xSensus;6xOrdo;3xLux,,,,4,1
BASICS,Node Catalyzation,NODECATALYZATION,NODEJAR;NODETAPPER2,JARLABEL,,4,4,20xAuram;15xVacuos;12xLucrum;9xAlienis;6xCognitio;3xPraecantatio,,,,-5,4
BASICS,Master Node Tapping,NODETAPPER2,NODETAPPER1,,,0,0,12xPermutatio;12xAuram;9xPraecantatio;6xMotus;3xPotentia,,,,-3,3
BASICS,Deconstruction table,DECONSTRUCTOR,RESEARCHER1,,,0,0,9xSensus;9xAuram;6xLucrum;3xFames,,,,6,2
BASICS,Warp Warnings,WARPWARNING,,,,0,0,<empty>,,,,1,1
BASICS,Advanced Node Tapping,NODETAPPER1,NODES,,,0,0,9xPermutatio;9xAuram;6xPraecantatio;3xMotus,,,,-4,1
BASICS,Thaumonomicon,THAUMONOMICON,RESEARCH,,,0,0,<empty>,,,,1,-2
BASICS,Plants & Trees,PLANTS,,,,0,0,<empty>,,,,-2,-4
BASICS,Node Preserver,NODEPRESERVE,NODETAPPER1,,,0,0,9xPerditio;9xCognitio;6xFabrico;3xInstrumentum,,,,-6,2
BASICS,The Pech,PECH,,,,0,0,<empty>,,,,-4,-4
THAUMATURGY,Node Stabilizer,NODESTABILIZER,NODEPRESERVE,,,0,0,9xAuram;9xPotentia;6xPraecantatio;3xOrdo,,,,-7,-4
THAUMATURGY,Wand Core Substitution,salisarcana:REPLACEWANDCORE,ROD_greatwood,,,0,0,8xPraecantatio;4xPermutatio;4xInstrumentum;4xArbor,,,,-6,2
THAUMATURGY,Compound Recharge Focus,WANDPEDFOC,WANDPED,,,0,0,15xInstrumentum;15xAuram;12xPraecantatio;12xPotentia;9xPermutatio;6xCognitio;3xLucrum,,,,-10,-7
THAUMATURGY,Tier 5 Upgrade: Vampire Bats ,VAMPBAT,FOCUSHELLBAT,FOCALMANIPULATION,,2,2,15xFames;15xPraecantatio;12xVictus;12xExanimis;9xCognitio;3xIra;6xAlienis,,,,4,-8
THAUMATURGY,Bone Wand Core,ROD_bone,ROD_greatwood;INFUSION,,TB.ROD_bone,1,1,9xInstrumentum;9xPraecantatio;6xExanimis;6xPerditio;3xArbor,,,,-3,0
THAUMATURGY,Basic Wand Craft,BASICTHAUMATURGY,,,,0,0,<empty>,,,,0,0
THAUMATURGY,Wand Focus: Excavation,FOCUSEXCAVATION,FOCUSFIRE,,,0,0,9xTerra;9xPraecantatio;6xPerditio;3xMotus,,,,0,-3
THAUMATURGY,Crafting Scepters,SCEPTRE,ROD_silverwood,,thaumicenergistics.Pseudo.SCEPTRE,0,0,12xInstrumentum;12xFabrico;9xArbor;6xPraecantatio;3xCognitio,,,,0,4
THAUMATURGY,Wand Cap Substitution,salisarcana:REPLACEWANDCAPS,CAP_gold,,,0,0,8xPraecantatio;4xPermutatio;4xInstrumentum;4xMetallum,,,,4,2
THAUMATURGY,Quartz Staff Core,ROD_quartz_staff,ROD_quartz,ROD_greatwood_staff,,0,0,12xInstrumentum;12xPraecantatio;9xVitreus;6xOrdo;6xAer;3xTerra,,,,-4,6
THAUMATURGY,Wand Focus: Nine Hells,FOCUSHELLBAT,,FOCUSFIRE;INFUSION,,1,1,12xPraecantatio;9xIter;9xIgnis;6xBestia;3xMotus,,Thaumcraft.Firebat,Ignis,3,-7
THAUMATURGY,Vis Charging Relay,VISCHARGERELAY,VISPOWER;WANDPED,ROD_greatwood,,0,0,12xPotentia;12xPraecantatio;9xMachina;9xAuram;6xIgnis;3xAer,,,,-7,-6
THAUMATURGY,Icy Wand Core,ROD_ice,ROD_greatwood;INFUSION,,TB.ROD_ice,0,0,9xInstrumentum;9xPraecantatio;6xAqua;6xGelum;3xArbor,,,,-7,4
THAUMATURGY,Advanced Node Stabilizer,NODESTABILIZERADV,NODESTABILIZER,,TB.NODESTABILIZERADV,1,1,12xAuram;9xPotentia;9xPraecantatio;6xOrdo;3xAlienis,,,,-8,-3
THAUMATURGY,Reed Wand Core,ROD_reed,ROD_greatwood;INFUSION,,TB.ROD_reed,0,0,9xInstrumentum;9xPraecantatio;6xAer;6xHerba;3xArbor,,,,-5,-1
THAUMATURGY,Magic Staves,ROD_greatwood_staff,ROD_silverwood,,TXROD_greatwood_staff,0,0,12xInstrumentum;12xPraecantatio;9xArbor;6xIgnis;6xAer;3xTerra,,,,-1,7
THAUMATURGY,Focal Disenchanting,salisarcana:FOCUS_DISENCHANTING,FOCALMANIPULATION,,,0,0,4xAuram;6xPraecantatio;8xVacuos;4xPerditio,,,,-2,-8
THAUMATURGY,Silverwood Staff Core,ROD_silverwood_staff,ROD_silverwood,ROD_greatwood_staff,,0,0,15xInstrumentum;15xPraecantatio;12xArbor;9xOrdo;6xAer;3xTerra,,,,-1,5
THAUMATURGY,Wand Focus: Frost,FOCUSFROST,FOCUSFIRE,,,0,0,9xAqua;9xGelum;6xPraecantatio;3xMotus,,,,1,-5
THAUMATURGY,Vis Storage,VISAMULET,WANDPED,,,0,0,15xVacuos;15xAuram;9xPraecantatio;12xPotentia;6xVitreus;3xTempus,,,,-9,-8
THAUMATURGY,Focal Manipulation ,FOCALMANIPULATION,VISPOWER,INFUSION;FOCUSFIRE,,0,0,15xPotentia;12xPraecantatio;12xInstrumentum;9xVitreus;9xFabrico;3xAlienis;5xCognitio,,,,-3,-8
THAUMATURGY,Wand Foci,FOCUSFIRE,BASICTHAUMATURGY,,thaumicenergistics.Pseudo.FOCUSFIRE,0,0,6xIgnis;6xPraecantatio;3xMotus,,,,2,-2
THAUMATURGY,Gold Wand Caps,CAP_gold,BASICTHAUMATURGY,,TB.CAP_gold,0,0,9xInstrumentum;6xMetallum;3xLucrum,,,,3,2
THAUMATURGY,Silverwood Wand Core,ROD_silverwood,ROD_greatwood;INFUSION,,TB.ROD_silverwood,0,0,12xInstrumentum;12xPraecantatio;9xCognitio;6xHerba;3xArbor,,,,-2,5
THAUMATURGY,Harnessing Vis,VISPOWER,NODESTABILIZER,,thaumicenergistics.Pseudo.VISPOWER;TB.VISPOWER,0,0,12xAuram;9xPotentia;3xPraecantatio;6xMachina,,,,-5,-6
THAUMATURGY,Focus Pouch,FOCUSPOUCH,FOCUSFIRE,,,0,0,9xInstrumentum;9xVacuos;6xPraecantatio;3xPannus,,,,4,-1
THAUMATURGY,Copper Wand Caps,CAP_copper,BASICTHAUMATURGY,,,0,0,3xInstrumentum;6xMetallum;6xPermutatio,,,,2,0
THAUMATURGY,Reed Staff Core,ROD_reed_staff,ROD_reed,ROD_greatwood_staff,,0,0,12xInstrumentum;12xPraecantatio;9xHerba;6xAer;6xIgnis;3xTerra,,,,-5,-2
THAUMATURGY,Wand Focus: Shock,FOCUSSHOCK,FOCUSFIRE,,,0,0,9xAer;6xPraecantatio;9xPotentia;3xMotus,,,,3,-5
THAUMATURGY,Silver Wand Caps,CAP_silver,CAP_gold;INFUSION,,,0,0,3xMetallum;3xLucrum;3xInstrumentum;3xAuram,,,,5,1
THAUMATURGY,Quartz Wand Core,ROD_quartz,ROD_greatwood;INFUSION,,TB.ROD_quartz,0,0,9xInstrumentum;9xPraecantatio;6xTerra;6xOrdo;3xArbor,,,,-5,5
THAUMATURGY,Iron Wand Caps,CAP_iron,,,,0,0,<empty>,,,,0,0
THAUMATURGY,Wand Focus: Warding,FOCUSWARDING,FOCUSEXCAVATION;INFUSION,,,0,0,12xTerra;12xCognitio;9xOrdo;6xTutamen;3xPraecantatio,,,,-2,-4
THAUMATURGY,Obsidian Wand Core,ROD_obsidian,ROD_greatwood;INFUSION,,TB.ROD_obsidian,0,0,9xInstrumentum;9xPraecantatio;6xIgnis;6xPotentia;3xArbor,,,,-8,2
THAUMATURGY,Wand Focus: Portable Hole,FOCUSPORTABLEHOLE,FOCUSTRADE;INFUSION,,,0,0,12xAer;12xIter;9xAlienis;6xPerditio;3xPraecantatio,,,,7,-2
THAUMATURGY,Thaumium Wand Caps,CAP_thaumium,CAP_gold;THAUMIUM;INFUSION,,TXCAP_thaumium,0,0,6xInstrumentum;9xAuram;12xMetallum;3xPraecantatio,,,,5,4
THAUMATURGY,Wooden Wand Core,ROD_wood,,,,0,0,<empty>,,,,0,0
THAUMATURGY,Greatwood Wand Core,ROD_greatwood,BASICTHAUMATURGY,,TB.ROD_greatwood;TXROD_greatwood,0,0,9xInstrumentum;6xPraecantatio;3xArbor,,,,-5,2
THAUMATURGY,Blaze Rod Wand Core,ROD_blaze,ROD_greatwood;INFUSION,,TB.ROD_blaze,0,0,9xInstrumentum;9xPraecantatio;6xAer;6xHerba;3xArbor,,,,-7,0
THAUMATURGY,Bone Staff Core,ROD_bone_staff,ROD_bone,ROD_greatwood_staff,,2,1,12xInstrumentum;12xPraecantatio;9xExanimis;6xPerditio;6xAer;3xTerra,,,,-2,-1
THAUMATURGY,Obsidian Staff Core,ROD_obsidian_staff,ROD_obsidian,ROD_greatwood_staff,,0,0,12xInstrumentum;12xPraecantatio;9xTerra;6xIgnis;6xAer;3xPotentia,,,,-9,2
THAUMATURGY,Wand Focus: Equal Trade,FOCUSTRADE,FOCUSFIRE,,,0,0,9xPermutatio;9xPraecantatio;6xTerra;3xMotus,,,,4,-3
THAUMATURGY,Icy Staff Core,ROD_ice_staff,ROD_ice,ROD_greatwood_staff,,0,0,12xInstrumentum;12xPraecantatio;9xGelum;6xAqua;6xAer;3xTerra,,,,-8,5
THAUMATURGY,Wand Recharge Pedestal,WANDPED,INFUSION;NODEPRESERVE;NODESTABILIZER,,GADOMANCY.PSEUDO.WANDPED,0,0,12xAuram;9xPotentia;3xPraecantatio;6xPermutatio,,,,-9,-6
THAUMATURGY,Blaze Rod Staff Core,ROD_blaze_staff,ROD_blaze,ROD_greatwood_staff,,0,0,12xInstrumentum;12xPraecantatio;9xIgnis;6xPotentia;6xAer;3xTerra,,,,-8,-1
ALCHEMY,Alumentum,ALUMENTUM,CRUCIBLE,,,0,0,3xIgnis;3xPraecantatio;6xPerditio,,,,2,1
ALCHEMY,Basic Alchemy,CRUCIBLE,,,TB.CRUCIBLE,0,0,<empty>,,,,0,0
ALCHEMY,Entropic Processing,ENTROPICPROCESSING,ALCHEMICALDUPLICATION,,,0,0,9xFabrico;9xPraecantatio;6xLucrum;3xPerditio,,,,-6,1
ALCHEMY,Metal Transmutation,TRANSIRON,THAUMIUM,,WG.TRANSIRON,0,0,6xMetallum;3xOrdo;3xPermutatio,,,,0,5
ALCHEMY,Essentia Tubes,TUBES,DISTILESSENTIA,,,0,0,9xPraecantatio;6xPermutatio;9xAqua;3xOrdo,,,,7,0
ALCHEMY,Steel Transmutation,GT_IRON_TO_STEEL,TRANSIRON;GT_WOOD_TO_CHARCOAL,,,0,0,5xMetallum;3xPermutatio;3xOrdo,,,,13,8
ALCHEMY,Battery Alloy Transmutation,GT_TRANSBATTERYALLOY,GT_TRANSBRONZE;GT_TRANSANTIMONY,,,0,0,5xMetallum;6xPermutatio;3xIgnis,,,,11,13
ALCHEMY,Tin Transmutation,TRANSTIN,TRANSIRON,,,0,0,9xMetallum;6xVitreus;3xPermutatio,,,,2,7
ALCHEMY,Water Transmutation,GT_FILL_WATER_BUCKET,,,,0,0,4xPermutatio;4xAqua,,,,16,5
ALCHEMY,Sanitizing Soap,SANESOAP,BATHSALTS,,,0,0,12xSano;12xAlienis;9xCognitio;6xOrdo;3xPraecantatio,,,,-3,-6
ALCHEMY,Soldering Alloy Transmutation,GT_TRANSSOLDERINGALLOY,GT_TRANSBRONZE;GT_TRANSANTIMONY,,,0,0,5xMetallum;6xPermutatio;3xIgnis,,,,11,14
ALCHEMY,Antimony Transmutation,GT_TRANSANTIMONY,GT_TRANSZINC;TRANSLEAD,,,0,0,5xMetallum;3xPermutatio;3xAqua,,,,9,14
ALCHEMY,Silver Purification,PURESILVER,PUREIRON,,,0,0,9xMetallum;9xLucrum;6xOrdo;3xPraecantatio,,,,-3,8
ALCHEMY,Tin Purification,PURETIN,PUREIRON,,,0,0,9xMetallum;9xVitreus;6xOrdo;3xPraecantatio,,,,-4,7
ALCHEMY,Copper Transmutation,TRANSCOPPER,TRANSIRON,,,0,0,9xMetallum;6xOrdo;3xPermutatio,,,,2,5
ALCHEMY,Alchemical Centrifuge,CENTRIFUGE,TUBEFILTER,,WG.CENTRIFUGE,0,0,12xFabrico;9xPerditio;12xPermutatio;6xPraecantatio;3xMachina,,,,10,0
ALCHEMY,Void Jar,JARVOID,JARLABEL,,TXJARVOID,0,0,6xVacuos;9xPerditio;6xPraecantatio,,,,5,-5
ALCHEMY,Essentia Distillation,DISTILESSENTIA,NITOR;ALUMENTUM,,JARLABEL;thaumicenergistics.Pseudo.DISTILESSENTIA;TB.DISTILESSENTIA;TXDISTILESSENTIA,0,0,9xLimus;6xPraecantatio;3xIgnis;9xAqua,,,,5,-1
ALCHEMY,Shard Recrystallisation,GT_CRYSTALLISATION,ALCHEMICALMANUFACTURE,,,0,0,5xVitreus;3xPermutatio;3xOrdo,,,,-11,-3
ALCHEMY,Glass Phial,PHIAL,,,,0,0,<empty>,,,,0,-2
ALCHEMY,Zinc Transmutation,GT_TRANSZINC,TRANSTIN,,,0,0,5xMetallum;3xPermutatio;3xSano,,,,9,13
ALCHEMY,Aluminium Transmutation,GT_TRANSALUMINIUM,GT_ADVANCEDMETALLURGY,,,0,0,5xMetallum;3xPermutatio;3xVolatus;3xOrdo;3xIgnis,,,,19,14
ALCHEMY,Bronze Transmutation,GT_TRANSBRONZE,TRANSTIN;TRANSCOPPER,,,0,0,5xMetallum;3xPermutatio;3xInstrumentum,,,,13,11
ALCHEMY,Electrum Transmutation,GT_TRANSELECTRUM,GT_TRANSBRONZE;TRANSGOLD;TRANSSILVER,,,0,0,5xMetallum;3xPermutatio;3xLucrum,,,,11,11
ALCHEMY,Magical Metallurgy,THAUMIUM,CRUCIBLE,,TB.THAUMIUM,0,0,3xMetallum;3xPraecantatio,,,Metallum,-1,3
ALCHEMY,Lead Transmutation,TRANSLEAD,TRANSIRON,,,0,0,9xMetallum;6xOrdo;3xPermutatio,,,,0,9
ALCHEMY,Gold Transmutation,TRANSGOLD,TRANSIRON,,,0,0,9xMetallum;6xLucrum;3xPermutatio,,,,2,3
ALCHEMY,Copper Purification,PURECOPPER,PUREIRON,,,0,0,9xMetallum;15xOrdo;3xPraecantatio,,,,-4,5
ALCHEMY,Thaumium Reinforced Jars,THAUMIUMREINFORCEDJAR,JARLABEL,,,0,0,3xTutamen;3xAqua;3xLucrum;3xVacuos,,,,3,-4
ALCHEMY,Charcoal Transmutation,GT_WOOD_TO_CHARCOAL,ALUMENTUM,,,0,0,10xArbor;8xVacuos;8xIgnis,,,,13,5
ALCHEMY,Cupronickel Transmutation,GT_TRANSCUPRONICKEL,GT_TRANSBRONZE;GT_TRANSNICKEL,,,0,0,5xMetallum;6xPermutatio;3xIgnis,,,,11,16
ALCHEMY,Purifying Bath Salts,BATHSALTS,,,WG.BATHSALTS,0,0,9xSano;6xCognitio;9xAuram;6xOrdo;3xPraecantatio,,,,-4,-4
ALCHEMY,Cobalt Transmutation,GT_TRANSCOBALT,GT_TRANSNICKEL,,,0,0,5xMetallum;3xPermutatio;3xInstrumentum,,,,9,16
ALCHEMY,Automated Alchemy,THAUMATORIUM,CENTRIFUGE,,,0,0,12xFabrico;9xAqua;12xPermutatio;6xPraecantatio;3xCognitio,,,,10,-2
ALCHEMY,Alchemical Manufacture,ALCHEMICALMANUFACTURE,ALCHEMICALDUPLICATION,,WG.ALCHEMICALMANUFACTURE,0,0,9xFabrico;9xPraecantatio;6xLucrum;3xPermutatio,,,,-5,-2
ALCHEMY,Liquid Death,LIQUIDDEATH,ENTROPICPROCESSING,,,2,1,9xAqua;9xMortuus;6xPerditio;6xVenenum;3xTenebrae,,,Mortuus;Venenum,-7,3
ALCHEMY,Advanced Metallurgic Transmutation,GT_ADVANCEDMETALLURGY,GT_TRANSBISMUTH;GT_IRON_TO_STEEL;GT_TRANSSOLDERINGALLOY;GT_TRANSBATTERYALLOY;GT_TRANSBRASS;GT_TRANSELECTRUM;GT_TRANSCUPRONICKEL;GT_TRANSINVAR,,,0,0,50xMetallum;20xPermutatio;20xCognitio;20xPraecantatio;20xNebrisum;20xMagneto,,,,16,14
ALCHEMY,Skystone Transmutation,GT_TRANSSKYSTONE,GT_ADVANCEDMETALLURGY,,,0,0,5xMetallum;3xPermutatio;3xVolatus;3xAlienis;3xTerra,,,,19,15
ALCHEMY,Ethereal Bloom,ETHEREALBLOOM,CRUCIBLE,,,0,0,9xVitium;9xPraecantatio;6xSano;6xHerba;3xLux;3xTerra,,,Vitium,-2,-3
ALCHEMY,Ichor Jars,ICHORJAR,THAUMIUMREINFORCEDJAR,ICHOR,,0,0,3xTutamen;3xAlienis;3xAqua;5xLucrum;5xVacuos,,,,2,-5
ALCHEMY,Brass Transmutation,GT_TRANSBRASS,GT_TRANSBRONZE;GT_TRANSZINC,,,0,0,5xMetallum;3xPermutatio;3xInstrumentum,,,,11,12
ALCHEMY,Magic Tallow,TALLOW,CRUCIBLE,,TXTALLOW,0,0,6xCorpus;6xPraecantatio;3xMotus,,,,-2,0
ALCHEMY,Nickel Transmutation,GT_TRANSNICKEL,TRANSLEAD,,,0,0,5xMetallum;3xPermutatio;3xIgnis,,,,9,15
ALCHEMY,Basaltic Mineral Transmutation,GT_TRANSMINERAL,GT_ADVANCEDMETALLURGY,,,0,0,5xMetallum;3xPermutatio;3xVolatus;3xMagneto;3xTerra,,,,19,16
ALCHEMY,Essentia Crystallization ,ESSENTIACRYSTAL,TUBES,,,0,0,12xAqua;9xPraecantatio;12xPermutatio;6xVitreus;3xTerra,,,,8,-2
ALCHEMY,Arcane Spa,ARCANESPA,BATHSALTS,,,0,0,9xOrdo;9xAqua;6xMachina;6xSano;3xPraecantatio,,,,-6,-5
ALCHEMY,Silver Transmutation,TRANSSILVER,TRANSIRON,,,0,0,9xMetallum;6xLucrum;3xPermutatio,,,,1,8
ALCHEMY,Metal Purification,PUREIRON,THAUMIUM,,WG.PUREIRON,0,0,6xMetallum;6xOrdo;3xVitreus,,,,-2,5
ALCHEMY,Alchemical Duplication,ALCHEMICALDUPLICATION,TALLOW,,thaumicenergistics.Pseudo.ALCHEMICALDUPLICATION,0,0,9xFabrico;6xPraecantatio;9xLucrum;3xPermutatio,,,,-4,0
ALCHEMY,Invar Transmutation,GT_TRANSINVAR,GT_TRANSBRONZE;GT_TRANSNICKEL,,,0,0,5xMetallum;3xPermutatio;3xGelum,,,,11,15
ALCHEMY,Nitor,NITOR,CRUCIBLE,,,0,0,6xLux;3xIgnis;3xPraecantatio,,,,2,-1
ALCHEMY,Bottled Taint ,BOTTLETAINT,ENTROPICPROCESSING,,,3,2,12xVitium;12xPraecantatio;12xAqua;9xPerditio;9xTenebrae;6xVenenum;3xStrontio,,,Vitium,-8,1
ALCHEMY,Gold Purification,PUREGOLD,PUREIRON,,,0,0,9xMetallum;9xLucrum;6xOrdo;3xPraecantatio,,,,-4,3
ALCHEMY,Advanced Essentia Tubes,TUBEFILTER,TUBES,,thaumicenergistics.Pseudo.TUBEFILTER,0,0,12xPraecantatio;9xPermutatio;12xAqua;6xOrdo;3xLimus,,,,9,1
ALCHEMY,Lead Purification,PURELEAD,PUREIRON,,,0,0,9xMetallum;9xPermutatio;6xOrdo;3xPraecantatio,,,,-2,9
ALCHEMY,Bismuth Transmutation,GT_TRANSBISMUTH,GT_TRANSCOBALT,,,0,0,5xMetallum;3xPermutatio;3xInstrumentum,,,,11,17
ALCHEMY,Warded Jars and Labels,JARLABEL,DISTILESSENTIA,,GADOMANCY.PSEUDO.JARLABEL;WG.JARLABEL,0,0,<empty>,,,,4,-3
ARTIFICE,Amulet of Emergency Shielding,RUNICEMERGENCY,RUNICARMOR,,,0,0,15xVacuos;12xPraecantatio;9xTerra;9xTutamen;6xAlienis;6xSano;3xCognitio,,,,4,5
ARTIFICE,Goggles of Revealing,GOGGLES,THAUMOMETER,,,0,0,3xAuram;9xPraecantatio;9xSensus;6xInstrumentum,,,,4,1
ARTIFICE,Enchanted Fabric,ENCHFABRIC,,,TB.ENCHFABRIC;WG.ENCHFABRIC,0,0,6xPannus;6xPraecantatio;3xTutamen,,,,0,3
ARTIFICE,Thaumic Augmentation,TINKERSAUGMENTATION,,,,0,0,20xInstrumentum;20xPraecantatio,,,,7,6
ARTIFICE,Pickaxe of the Core,ELEMENTALPICK,THAUMIUM;INFUSION,,,0,0,15xInstrumentum;12xIgnis;9xPerfodio;6xLucrum;3xPraecantatio,,,,-7,3
ARTIFICE,Axe of the Stream,ELEMENTALAXE,THAUMIUM;INFUSION,,,0,0,15xInstrumentum;12xMotus;9xFabrico;6xAqua;3xPraecantatio,,,,-7,4
ARTIFICE,Table,TABLE,,,,0,0,<empty>,,,,0,-1
ARTIFICE,Infernal Furnace,INFERNALFURNACE,NITOR;ALUMENTUM,,WG.INFERNALFURNACE,1,1,6xIgnis;3xMetallum;3xFabrico;3xAuram,,,,-4,-1
ARTIFICE,Banners ,BANNERS,,,,0,0,3xSensus;3xPannus;1xPraecantatio,1xtile.blockWoodenDevice@8,,,4,8
ARTIFICE,Shovel of the Earthmover,ELEMENTALSHOVEL,THAUMIUM;INFUSION,,,0,0,15xInstrumentum;12xTerra;9xPerfodio;6xFabrico;3xPraecantatio,,,,-7,6
ARTIFICE,Arcane Levitator,LEVITATOR,NITOR,,TB.LEVITATOR,0,0,3xAer;6xVolatus;3xPraecantatio;6xMotus,,,,-3,-3
ARTIFICE,Thaumostatic Girdle,HOVERGIRDLE,HOVERHARNESS,,,0,0,15xVolatus;12xMotus;9xIter;9xAer;6xPraecantatio;3xTutamen,,,Volatus,2,7
ARTIFICE,Warded Arcana,WARDEDARCANA,THAUMIUM,,thaumicenergistics.Pseudo.WARDEDARCANA,0,0,6xTutamen;6xInstrumentum;6xMachina;3xMotus,,,,-5,-4
ARTIFICE,Basic Artifacing,BASICARTIFACE,,,TXBASICARTIFACE,0,0,<empty>,,,,0,1
ARTIFICE,Flux Scrubber ,FLUXSCRUB,VISPOWER;BELLOWS;TUBES,INFUSION,,0,0,15xAqua;12xPraecantatio;9xAer;6xVinculum;3xVitium,,,,-8,-3
ARTIFICE,Thaumometer,THAUMOMETER,,,,0,0,<empty>,,,,2,1
ARTIFICE,Boots of the Traveler,BOOTSTRAVELLER,ENCHFABRIC;INFUSION,,TXBOOTSTRAVELLER,0,0,9xAqua;15xIter;6xTerra;12xVolatus;3xAer,,,,-1,5
ARTIFICE,Research Table,RESTABLE,TABLE,,,0,0,<empty>,,,,1,-3
ARTIFICE,Better Cells,ESSENTIA_CELL,ESSENTIA_SMELTERY,,,0,0,10xAqua;10xVacuos;10xOrdo;10xPraecantatio;10xPermutatio,,,,-10,3
ARTIFICE,Essentia Mirrors,MIRRORESSENTIA,MIRROR,,WG.MIRRORESSENTIA,2,1,15xPraecantatio;12xIter;9xVitreus;9xAlienis;6xCognitio;6xPotentia;3xAqua,,,,-1,10
ARTIFICE,Primal Arrows,PRIMALARROW,BONEBOW,,,0,0,3xTelum;3xAer;3xIgnis;3xAqua;3xTerra;3xOrdo;3xPerditio,,,,-9,0
ARTIFICE,Adept Magic Energy Conversion,GT_MAGICENERGY2,GT_MAGICENERGY,,,0,0,10xMachina;10xCognitio;20xPotentia;10xElectrum,,,,-4,12
ARTIFICE,Wither Protection Ring,WITHERRING,RUNICARMOR,,RUNICARMOR,1,1,15xAlienis;12xPraecantatio;9xSuperbia;6xSpiritus;3xInfernus,,,,3,2
ARTIFICE,Arcane Ear,ARCANEEAR,GOGGLES,,,0,0,9xAer;9xSensus;3xPraecantatio;6xPotentia,,,,6,0
ARTIFICE,Item Grate,GRATE,,,,0,0,<empty>,,,,2,-1
ARTIFICE,Charged Ring of Shielding,RUNICCHARGED,RUNICARMOR,,,0,0,15xPraecantatio;12xPotentia;9xTutamen;12xAlienis;9xAer;6xCognitio;3xTerra,,,,2,3
ARTIFICE,Revitalizing Ring of Shielding,RUNICHEALING,RUNICARMOR,,,0,0,18xPraecantatio;15xAqua;12xSano;9xTutamen;9xAlienis;6xAer;3xCognitio,,,,4,3
ARTIFICE,Magic Energy Absorption,GT_MAGICABSORB,GT_MAGICENERGY,,,0,0,10xMachina;10xCognitio;20xPotentia;10xElectrum,,,,-2,12
ARTIFICE,Thaumostatic Harness,HOVERHARNESS,BOOTSTRAVELLER,,TXHOVERHARNESS,0,0,15xVolatus;12xMachina;9xIter;9xAer;6xPraecantatio;3xTutamen,,,,1,7
ARTIFICE,Mirror Magic,MIRROR,INFUSION,,thaumicenergistics.Pseudo.MIRROR,1,1,15xVitreus;12xIter;9xTenebrae;9xAlienis;6xCognitio;3xPotentia,1xitem.enderPearl@0;1xtile.portal@32767;1xtile.etfuturum.end_portal@32767;1xtile.endPortalFrame@32767,Enderman,,-1,8
ARTIFICE,Alchemical Grate,ALCHGRATE,ADVALCHEMYFURNACE;HUNGRYCHEST;GRATE,,,0,0,1xVacuos;1xAuram;1xPraecantatio;1xOrdo;1xPerditio,,,,4,-1
ARTIFICE,Lamp of Growth,LAMPGROWTH,ARCANELAMP;INFUSION,,,0,0,9xMessis;3xLux;6xHerba;9xVictus,,,Lux;Messis,-4,3
ARTIFICE,Grinning Devil Faceplate,MASKGRINNINGDEVIL,ARMORFORTRESS,,,1,1,15xTutamen;12xSano;9xCognitio;9xAlienis;6xPraecantatio;3xFabrico,,,,-10,8
ARTIFICE,Hoe of Growth,ELEMENTALHOE,THAUMIUM;INFUSION,,,0,0,15xInstrumentum;12xVictus;9xMeto;6xMessis;3xPraecantatio,,,,-7,7
ARTIFICE,Master Magic Energy Conversion,GT_MAGICENERGY3,GT_MAGICENERGY2,,,0,0,20xMachina;20xCognitio;40xPotentia;20xElectrum,,,,-4,14
ARTIFICE,Magical Hand Mirror,MIRRORHAND,MIRROR,,,2,1,18xIter;15xInstrumentum;12xVitreus;9xAlienis;6xCognitio;6xPotentia;3xPraecantatio,,,,1,9
ARTIFICE,Arcane Worktable,ARCTABLE,TABLE,,,0,0,<empty>,,,,-1,-3
ARTIFICE,Infusion,INFUSION,DISTILESSENTIA,,thaumicenergistics.Pseudo.INFUSION;TB.INFUSION;TXINFUSION,0,0,9xFabrico;9xMachina;6xPraecantatio;6xCognitio;3xMotus,,,,-4,5
ARTIFICE,Kinetic Girdle of Shielding,RUNICKINETIC,RUNICARMOR,,,0,0,18xAer;15xPraecantatio;12xTutamen;9xTelum;9xAlienis;6xBestia;3xCognitio,,,,2,5
ARTIFICE,Essentia Output Hatch (ME),ESSENTIA_OUTPUT_HATCH_ME,INFUSION,,,0,0,10xAlienis;10xVinculum;10xStrontio;10xVacuos;10xPermutatio,,,,-15,3
ARTIFICE,Paving Stone of Warding,PAVEWARD,ARCANESTONE,,,0,0,6xMotus;9xBestia;3xVinculum;6xTelum,,,,6,-4
ARTIFICE,Angry Ghost Faceplate,MASKANGRYGHOST,ARMORFORTRESS,,,1,1,15xTutamen;12xPerditio;9xMortuus;9xAlienis;6xPraecantatio;3xFabrico,,,,-10,9
ARTIFICE,Improved Magic Energy Absorption,GT_MAGICABSORB2,GT_MAGICABSORB,,,0,0,10xMachina;10xCognitio;20xPotentia;10xElectrum,,,,-2,14
ARTIFICE,Sipping Fiend Faceplate,MASKSIPPINGFIEND,ARMORFORTRESS,,,1,1,15xTutamen;12xExanimis;9xVictus;9xAlienis;6xCognitio;3xPotentia,,,,-10,10
ARTIFICE,Arcane Lamp,ARCANELAMP,NITOR,,,0,0,6xLux;3xTenebrae;6xSensus,,,,-3,1
ARTIFICE,Thaumium Fortress Armor,ARMORFORTRESS,THAUMIUM;INFUSIONENCHANTMENT,,,0,0,15xFabrico;12xMetallum;9xTutamen;9xAlienis;6xCognitio;3xPotentia,,,Tutamen,-8,9
ARTIFICE,Hazmat Protection,GT_HAZMATENCH,INFUSIONENCHANTMENT,,,0,0,1xVitium;1xGelum;1xRadio;1xTutamen;1xVenenum,,,,-7,13
ARTIFICE,Arcane Bellows,BELLOWS,INFERNALFURNACE,,GADOMANCY.PSEUDO.BELLOWS;TB.BELLOWS,0,0,6xMotus;12xAer;3xPraecantatio;9xMachina,,,,-6,-2
ARTIFICE,Helm of Revealing,HELMGOGGLES,ARMORFORTRESS,GOGGLES,,0,0,15xTutamen;12xSensus;9xAuram;9xAlienis;6xPraecantatio;3xFabrico,,,,-9,7
ARTIFICE,Runic Shielding,RUNICARMOR,ENCHFABRIC,INFUSION,,0,0,15xPraecantatio;12xLucrum;9xPermutatio;9xTutamen;6xCognitio;6xAlienis;3xPotentia,,,,3,4
ARTIFICE,Runic Shielding Augmentation,RUNICAUGMENTATION,RUNICARMOR,,,0,0,3xPraecantatio;3xTutamen;4xPermutatio;4xLucrum,,,,6,4
ARTIFICE,Lamp of Fertility,LAMPFERTILITY,ARCANELAMP;INFUSION,,,0,0,9xBestia;3xLux;9xVictus;6xSano,,,Lux;Victus,-2,3
ARTIFICE,Thaumium Crowbar,RC_Crowbar,THAUMIUM,,,0,0,1xInstrumentum;2xMachina;1xIter,,,,0,-4
ARTIFICE,Bone Bow,BONEBOW,,,,0,0,12xTelum;9xMotus;6xAer;3xExanimis,1xitem.bow@32767;1xitem.bone@0,,,-7,1
ARTIFICE,Arcane Stone,ARCANESTONE,,,WG.ARCANESTONE,0,0,<empty>,,,,5,-2
ARTIFICE,Sinister Lodestone ,SINSTONE,GOGGLES,,,1,1,6xAuram;3xSensus;6xTenebrae;6xAlienis,,,,6,2
ARTIFICE,Sword of the Zephyr,ELEMENTALSWORD,THAUMIUM;INFUSION,,,0,0,15xInstrumentum;12xTelum;9xPotentia;6xAer;3xPraecantatio,,,,-7,5
ARTIFICE,Large Essentia Smeltery,ESSENTIA_SMELTERY,INFUSION,,,0,0,10xIgnis;10xTenebrae;10xMachina;10xLucrum;10xPotentia;10xLimus,,,,-16,3
ARTIFICE,Paving Stone of Travel,PAVETRAVEL,ARCANESTONE,,,0,0,9xIter;6xVolatus;6xTerra;3xMotus,,,,4,-4
ARTIFICE,Brain in a Jar,JARBRAIN,INFUSION,,,2,1,15xLucrum;12xFames;9xExanimis;9xCognitio;6xAlienis;3xPotentia,1xitem.ItemResource@3,Thaumcraft.BrainyZombie;Thaumcraft.GiantBrainyZombie,,-5,9
ARTIFICE,Magic Energy Conversion,GT_MAGICENERGY,ARCANEBORE,,,0,0,10xMachina;10xCognitio;20xPotentia;10xElectrum,,,,-3,10
ARTIFICE,Arcane Bore,ARCANEBORE,FOCUSEXCAVATION;INFUSION,,,0,0,15xInstrumentum;12xPerfodio;9xMachina;9xMotus;3xVacuos;6xCognitio,,,,-3,8
ARTIFICE,Infusion Enchantment,INFUSIONENCHANTMENT,JARBRAIN,,GADOMANCY.PSEUDO.INFUSIONENCHANTMENT;TB.INFUSIONENCHANTMENT;TXINFUSIONENCHANTMENT;WG.INFUSIONENCHANTMENT,0,0,15xInstrumentum;15xPraecantatio;12xTutamen;12xCognitio;9xTelum;12xPotentia;6xAlienis,,,,-6,11
GOLEMANCY,Clay Golems,GOLEMCLAY,GOLEMWOOD,,,0,0,12xSpiritus;12xPermutatio;12xMotus;9xTerra;6xPraecantatio;3xAqua,,,,2,6
GOLEMANCY,Golem Upgrade: Water,UPGRADEWATER,GOLEMBELL,,,0,0,9xSensus;6xAqua;3xPraecantatio,,,,5,1
GOLEMANCY,Hungry Chest,HUNGRYCHEST,,,,0,0,9xFames;6xVacuos;3xIter,,,,-1,0
GOLEMANCY,Tallow Golems,GOLEMTALLOW,GOLEMCLAY;TALLOW,,GADOMANCY.PSEUDO.GOLEMTALLOW,0,0,12xSpiritus;12xPermutatio;15xCorpus;9xMotus;6xPraecantatio,,,,4,6
GOLEMANCY,Wooden Golems,GOLEMWOOD,GOLEMSTRAW,,,0,0,12xArbor;12xPermutatio;9xSpiritus;6xMotus;3xPraecantatio,,,,2,4
GOLEMANCY,Flesh Golems,GOLEMFLESH,GOLEMWOOD,,,2,1,12xCorpus;12xPermutatio;12xSpiritus;9xMotus;6xPraecantatio;3xMortuus,,,,4,4
GOLEMANCY,Golem Upgrade: Earth,UPGRADEEARTH,GOLEMBELL,,,0,0,9xVictus;6xTerra;3xPraecantatio,,,,6,-2
GOLEMANCY,Golem Dart Launcher,TINYDART,,,,0,0,9xLucrum;9xVolatus;6xTelum;3xPotentia,,,Telum,5,11
GOLEMANCY,Golem Upgrade: Fire,UPGRADEFIRE,GOLEMBELL,,,0,0,9xPotentia;6xIgnis;3xPraecantatio,,,,5,-1
GOLEMANCY,Golem Upgrade: Entropy,UPGRADEENTROPY,GOLEMBELL,,,0,0,6xCognitio;9xPerditio;3xPraecantatio,,,,7,3
GOLEMANCY,Golem Core: Use,COREUSE,COREEMPTY;INFUSION,,thaumicenergistics.Pseudo.COREUSE,0,0,12xHumanus;12xInstrumentum;9xMachina;9xPermutatio;6xMotus;3xPraecantatio,,,,-7,0
GOLEMANCY,Golem Mace,TINYHAMMER,,,,0,0,9xLucrum;9xMetallum;6xTelum;3xVinculum,,,Telum,8,11
GOLEMANCY,Traveling Trunk,TRAVELTRUNK,INFUSION;GOLEMWOOD,,,0,0,12xSpiritus;12xVacuos;9xArbor;6xIter;3xTerra,,,,0,4
GOLEMANCY,Tiny Bowties,TINYBOWTIE,,,,0,0,9xLucrum;9xPannus;6xIter;3xPotentia,1xtile.cloth@32767,,Pannus,7,10
GOLEMANCY,Golemancer's Bell,GOLEMBELL,GOLEMSTRAW,,,0,0,<empty>,,,,3,0
GOLEMANCY,Golem Core: Sorting,CORESORTING,COREEMPTY;COREFILL;INFUSION,,,0,0,12xFames;12xVacuos;12xLucrum;9xPermutatio;6xMotus;3xPraecantatio,,,,-7,2
GOLEMANCY,Thaumium Golems,GOLEMTHAUMIUM,GOLEMIRON;THAUMIUM,,,0,0,12xPermutatio;12xSpiritus;12xMetallum;9xMotus;9xPraecantatio;9xTerra;6xHumanus;3xAlienis,,,,2,10
GOLEMANCY,Tiny Hats,TINYHAT,,,,0,0,9xLucrum;9xPannus;6xVictus;3xSano,1xtile.cloth@32767,,Pannus,5,10
GOLEMANCY,Tiny Fezzes,TINYFEZ,,,,0,0,9xLucrum;9xPannus;6xPotentia;3xSano,1xtile.cloth@32767,,Pannus,8,10
GOLEMANCY,Golem Core: Chop,CORELUMBER,COREHARVEST;ELEMENTALAXE,,,0,0,12xPotentia;12xArbor;9xInstrumentum;12xMeto;6xMotus;3xPraecantatio,,,,-1,7
GOLEMANCY,Tiny Spectacles,TINYGLASSES,,,,0,0,9xLucrum;6xPannus;6xSensus;3xOrdo,1xtile.cloth@32767,,Pannus,6,10
GOLEMANCY,Golem Visor,TINYVISOR,,,,0,0,9xLucrum;9xSensus;6xTutamen;3xCognitio,,,Tutamen,6,11
GOLEMANCY,Golem Upgrade: Air,UPGRADEAIR,GOLEMBELL,,,0,0,9xMotus;6xAer;3xPraecantatio,,,,7,-3
GOLEMANCY,Golem Core: Fishing,COREFISHING,COREHARVEST;INFUSION,,,0,0,12xFames;12xAqua;12xBestia;9xMeto;6xMotus;3xPraecantatio,,,,-2,7
GOLEMANCY,Golem Core: Gather,COREGATHER,GOLEMSTRAW,,thaumicenergistics.Pseudo.COREGATHER,0,0,<empty>,,,,-3,3
GOLEMANCY,Golem Core: Harvest,COREHARVEST,COREGATHER,,GADOMANCY.PSEUDO.COREHARVEST,0,0,12xMeto;12xMessis;9xIter;9xPermutatio;6xMotus;3xPraecantatio,,,,-2,5
GOLEMANCY,Golem Core: Butcher,COREBUTCHER,COREGUARD;COREHARVEST,,,1,1,12xMeto;12xTelum;9xBestia;12xSensus;6xMotus;3xPraecantatio,,,,-3,7
GOLEMANCY,Golem Core: Guard,COREGUARD,COREGATHER,,GADOMANCY.PSEUDO.COREGUARD,0,0,12xSensus;12xTelum;12xVinculum;9xPermutatio;6xMotus;3xPraecantatio,,,,-4,5
GOLEMANCY,Advanced Golems,ADVANCEDGOLEM,INFUSION;UPGRADEAIR;UPGRADEEARTH;UPGRADEFIRE;UPGRADEWATER;UPGRADEORDER;UPGRADEENTROPY,,,3,2,15xSensus;15xVictus;12xCognitio;12xPotentia;12xPraecantatio;9xAlienis;6xMotus;3xTerra,,,,8,0
GOLEMANCY,Golem Iron Plating,TINYARMOR,,,,0,0,9xLucrum;9xMetallum;6xTutamen;3xCognitio,,,Tutamen,7,11
GOLEMANCY,Golem Core: Fill,COREFILL,COREGATHER,,,0,0,9xFames;9xVacuos;9xPermutatio;6xMotus;3xPraecantatio,,,,-5,3
GOLEMANCY,Golem Fetter,GOLEMFETTER,GOLEMSTONE,,,0,0,9xVinculum;9xMachina;6xCognitio;3xPraecantatio,,,,4,8
GOLEMANCY,Straw Golems,GOLEMSTRAW,HUNGRYCHEST,,COREGATHER;GOLEMBELL,0,0,9xMessis;9xPermutatio;9xSpiritus;6xMotus;3xPraecantatio,,,,0,2
GOLEMANCY,Golem Core: Alchemy,COREALCHEMY,CORELIQUID;INFUSION,,,0,0,12xPotentia;12xAqua;12xIter;9xPraecantatio;6xMotus;3xAlienis,,,,-9,3
GOLEMANCY,Stone Golems,GOLEMSTONE,GOLEMCLAY,,,0,0,12xSpiritus;12xPermutatio;12xMotus;9xTerra;6xPraecantatio;3xPerditio,,,,2,8
GOLEMANCY,Iron Golems,GOLEMIRON,GOLEMSTONE,,,0,0,12xPermutatio;12xSpiritus;12xMotus;9xMetallum;9xPraecantatio;6xTerra;3xHumanus,,,,0,10
GOLEMANCY,Golem Core: Decanting,CORELIQUID,COREFILL,,,0,0,12xIter;12xAqua;9xMetallum;9xPermutatio;6xMotus;3xPraecantatio,,,,-7,4
GOLEMANCY,Golem Core: Empty,COREEMPTY,COREGATHER,,,0,0,9xLucrum;9xVacuos;6xPermutatio;6xMotus;3xPraecantatio,,,,-5,1
GOLEMANCY,Golem Upgrade: Order,UPGRADEORDER,GOLEMBELL,,,0,0,6xCognitio;9xOrdo;3xPraecantatio,,,,6,2
ELDRITCH,Eldritch Revelation,ELDRITCHMAJOR,,,TMELDRITCHMAJOR,0,0,<empty>,,,,-1,0
ELDRITCH,Advanced Alchemical Furnace ,ADVALCHEMYFURNACE,PRIMPEARL;DISTILESSENTIA;VISPOWER,,,0,0,12xPerditio;12xAuram;9xAer;9xOrdo;6xPraecantatio;3xAlienis,,,,-2,6
ELDRITCH,Void Thaumaturge Robes,ARMORVOIDFORTRESS,VOIDMETAL;ENCHFABRIC;ELDRITCHMAJOR,,,0,0,15xVacuos;15xTenebrae;12xTutamen;12xPannus;9xAlienis;9xPraecantatio;6xSensus;3xMetallum,,,,0,-3
ELDRITCH,Eldritch Epiphany,ELDRITCHMINOR,,,WG.ELDRITCHMINOR,0,0,<empty>,,,,1,0
ELDRITCH,The Outer Lands ,ENTEROUTER,OCULUS,,,0,0,<empty>,,,,-3,4
ELDRITCH,Wand Focus: Primal,FOCUSPRIMAL,ELDRITCHMINOR,,,1,1,12xAqua;12xIgnis;12xAer;9xTerra;9xOrdo;9xPerditio;6xPraecantatio;3xAlienis,,,,4,1
ELDRITCH,Void Metal Crowbar,RC_Crowbar_Void,VOIDMETAL;RC_Crowbar,,,1,1,2xInstrumentum;4xMachina;2xIter,,,,2,-4
ELDRITCH,Advanced Essentia Storage ,ESSENTIARESERVOIR,VOIDMETAL;CENTRIFUGE;INFUSION,,GADOMANCY.PSEUDO.ESSENTIARESERVOIR,0,0,12xAqua;12xPermutatio;9xPraecantatio;9xVacuos;6xAlienis;3xTenebrae,,,,4,-3
ELDRITCH,Sanity Check,SANITYCHECK,ELDRITCHMINOR,,,0,0,12xSensus;12xCognitio;12xAlienis;9xPraecantatio;6xSano;3xVictus,,,,2,2
ELDRITCH,Akashic Records,AKASHIC,BIG_PEARL,,,0,0,8xTerminus;16xCognitio,,,,-3,8
ELDRITCH,Staff Core of the Primal,ROD_primal_staff,FOCUSPRIMAL,ROD_silverwood_staff;ROD_bone_staff;ROD_greatwood_staff;ROD_blaze_staff;ROD_reed_staff;ROD_obsidian_staff;ROD_quartz_staff;ROD_ice_staff,TB.ROD_primal_staff,2,1,15xAqua;15xIgnis;12xAer;12xTerra;12xOrdo;9xPerditio;9xPraecantatio;6xInstrumentum;3xAlienis,1xitem.FocusPrimal@0,Thaumcraft.PrimalOrb,,6,2
ELDRITCH,Opening the Eye,OCULUS,CRIMSON;ELDRITCHMAJOR,,GADOMANCY.PSEUDO.OCULUS,3,3,12xAlienis;12xCognitio;9xTenebrae;9xIter;9xPermutatio;6xVitium;3xPraecantatio,,,,-2,2
ELDRITCH,Revelations in the Outer Lands ,OUTERREV,ENTEROUTER,,,0,0,4xAlienis;4xCognitio,1xtile.blockEldritch@5;1xtile.blockEldritch@10,,,-5,3
ELDRITCH,Runed Tablet,RUNEDTABLET,OCULUS,,OCULUS,3,2,30xAlienis;24xPraecantatio;18xSuperbia;12xSpiritus;6xInfernus,,,,-5,0
ELDRITCH,Primal Crusher ,PRIMALCRUSHER,PRIMPEARL,VOIDMETAL;ELEMENTALPICK;ELEMENTALSHOVEL,,0,0,12xPraecantatio;12xAlienis;12xInstrumentum;9xLucrum;9xPerditio;9xPerfodio;6xTelum;3xVacuos,,,,2,5
ELDRITCH,Primordial Pearl ,PRIMPEARL,ELDRITCHMINOR,,TB.PRIMPEARL;WG.PRIMPEARL,0,0,8xAer;8xTerra;8xIgnis;8xAqua;8xOrdo;8xPerditio,1xitem.ItemEldritchObject@3,,,0,4
ELDRITCH,Primordial Node Manipulation ,PRIMNODE,PRIMPEARL,,,1,1,1xAuram;1xPraecantatio;1xOrdo;1xPerditio,,,,0,6
ELDRITCH,Void Metal Wand Caps,CAP_void,CAP_thaumium;VOIDMETAL,,,1,1,12xAuram;12xVacuos;9xAlienis;9xPraecantatio;6xInstrumentum;6xTerra;3xTenebrae,,,,5,-1
ELDRITCH,Void Metal,VOIDMETAL,THAUMIUM;ELDRITCHMINOR,,GADOMANCY.PSEUDO.VOIDMETAL;TB.VOIDMETAL,1,1,12xVacuos;12xMetallum;9xTenebrae;9xAlienis;6xGelum;3xTerra,,,,2,-2
ELDRITCH,Extremely Primordial Pearl,BIG_PEARL,PRIMPEARL,,,0,0,8xTerminus;16xPraecantatio,,,,-1,8
ELDRITCH,Crimson Rites,CRIMSONRITES,ELDRITCHMAJOR,,,5,5,12xAlienis;6xPraecantatio;3xCognitio;12xSpiritus;9xVacuos;2xInfernus;5xVitium,,,,-3,-3
thaumicenergistics,Vibration Chamber,thaumicenergistics.TEESSVIBCMBR,thaumicenergistics.TECORES,,,0,0,18xVitreus;15xMachina;12xPotentia;9xPraecantatio;6xMotus;3xAqua,,,,1,-4
thaumicenergistics,Golem Core: Use,thaumicenergistics.Pseudo.COREUSE,,,,0,0,<empty>,,,,3,-6
thaumicenergistics,Advanced Infusion Provider,thaumicenergistics.TEADVINFPROV,thaumicenergistics.TEINFPROV,,,0,0,1xMachina;1xPraecantatio;1xPermutatio;1xMotus;1xInstrumentum;1xCognitio;1xSensus,,,,-7,-2
thaumicenergistics,Quartz Duplication,thaumicenergistics.TECERTUSDUPE,thaumicenergistics.Pseudo.ALCHEMICALDUPLICATION,ALCHEMICALDUPLICATION,,0,0,9xVitreus;6xPraecantatio;9xLucrum;3xPermutatio,1xgt.metaitem.01@8516,,,-5,-5
thaumicenergistics,Arcane Crafting Terminal,thaumicenergistics.TEARCANETERM,thaumicenergistics.TERESEARCH,,,0,0,15xInstrumentum;12xFabrico;9xPotentia;6xMachina;3xVacuos,,,,2,-1
thaumicenergistics,Essentia Distillation,thaumicenergistics.Pseudo.DISTILESSENTIA,,,,0,0,<empty>,,,,-2,0
thaumicenergistics,Harnessing Vis,thaumicenergistics.Pseudo.VISPOWER,,,,0,0,<empty>,,,,4,0
thaumicenergistics,Cell Microscopy,thaumicenergistics.TECELLMICROSCOPE,thaumicenergistics.TERESEARCH,,,0,0,5xVacuos;5xPotentia;3xVitreus;3xMetallum,,,,4,-4
thaumicenergistics,Arcane Assembler,thaumicenergistics.TEARCANEASSEMBLER,thaumicenergistics.TEVISINT;thaumicenergistics.Pseudo.SCEPTRE,thaumicenergistics.TEARCANETERM,,0,0,24xLucrum;21xFabrico;18xMachina;15xCognitio;12xPermutatio;9xAuram;6xPraecantatio;3xAqua,,,,6,-1
thaumicenergistics,Infusion Provider,thaumicenergistics.TEINFPROV,thaumicenergistics.TEIO;thaumicenergistics.Pseudo.MIRROR;thaumicenergistics.Pseudo.INFUSION,MIRROR;INFUSION,,0,0,21xPermutatio;18xMotus;15xSensus;12xMachina;9xPraecantatio;6xAlienis;3xSpiritus,,,,-5,-2
thaumicenergistics,Wand Focus: AE Wrench,thaumicenergistics.TEFOCUSWRENCH,thaumicenergistics.Pseudo.FOCUSFIRE,,,0,0,18xIgnis;15xAer;12xMachina;9xInstrumentum;6xPraecantatio;3xMetallum,,,,-3,-7
thaumicenergistics,Digi-sentia Transportation,thaumicenergistics.TEIO,thaumicenergistics.TECORES;thaumicenergistics.Pseudo.TUBEFILTER,TUBEFILTER,,0,0,18xMotus;15xMachina;12xMetallum;9xVitreus;6xAer;3xAqua,,,,-2,-2
thaumicenergistics,Digi-sentia,thaumicenergistics.TECORES,thaumicenergistics.TERESEARCH;thaumicenergistics.Pseudo.DISTILESSENTIA,DISTILESSENTIA,,0,0,12xCognitio;9xPraecantatio;6xMachina;9xLimus;3xPermutatio,,,,0,-2
thaumicenergistics,Thaumic Energistics,thaumicenergistics.TERESEARCH,,,,0,0,<empty>,,,,0,0
thaumicenergistics,Golem Core: Gather,thaumicenergistics.Pseudo.COREGATHER,,,,0,0,<empty>,,,,1,-6
thaumicenergistics,Advanced Essentia Tubes,thaumicenergistics.Pseudo.TUBEFILTER,,,,0,0,<empty>,,,,-3,0
thaumicenergistics,Thaumium Gear Box,thaumicenergistics.TETHAUMGBOX,thaumicenergistics.TEIRONGEARBOX;thaumicenergistics.Pseudo.COREUSE,COREUSE,,0,0,15xTerra;12xMachina;9xMetallum;6xPraecantatio;3xPermutatio,,,,4,-6
thaumicenergistics,Vis Relay Interface,thaumicenergistics.TEVISINT,thaumicenergistics.TEARCANETERM;thaumicenergistics.Pseudo.VISPOWER,VISPOWER,,0,0,21xVacuos;18xPotentia;15xAuram;12xMetallum;9xCognitio;6xMachina;3xAqua,,,,4,-1
thaumicenergistics,Infusion,thaumicenergistics.Pseudo.INFUSION,,,,0,0,<empty>,,,,-6,0
thaumicenergistics,Digi-sentia Storage,thaumicenergistics.TESTORAGE,thaumicenergistics.TERESEARCH;thaumicenergistics.Pseudo.DISTILESSENTIA;thaumicenergistics.Pseudo.WARDEDARCANA,DISTILESSENTIA,,0,0,21xVacuos;18xPotentia;15xVitreus;12xMetallum;9xCognitio;6xAqua;3xMotus,,,,0,2
thaumicenergistics,Knowledge Inscription,thaumicenergistics.TEKNOWLEDGEINSCRIBER,thaumicenergistics.TEARCANEASSEMBLER,,,0,0,18xCognitio;15xMachina;12xFabrico;9xPermutatio;6xPraecantatio;3xAlienis,,,,6,0
thaumicenergistics,Golem Wifi Backpack,thaumicenergistics.TEGOLEMWIFIBACKPACK,thaumicenergistics.TECORES;COREGATHER;thaumicenergistics.Pseudo.COREGATHER,,,0,0,21xVacuos;18xPotentia;15xAuram;12xCognitio;9xTutamen;6xMotus;3xPermutatio,,,,0,-6
thaumicenergistics,Alchemical Duplication,thaumicenergistics.Pseudo.ALCHEMICALDUPLICATION,,,,0,0,<empty>,,,,-5,-6
thaumicenergistics,Iron Gear Box,thaumicenergistics.TEIRONGEARBOX,,,,0,0,15xTerra;15xMetallum;9xMachina;6xPermutatio,,,,4,-5
thaumicenergistics,Mirror Magic,thaumicenergistics.Pseudo.MIRROR,,,,0,0,<empty>,,,,-4,0
thaumicenergistics,Distillation Pattern Encoder,thaumicenergistics.TEDISTILLATIONPATTERNENCODER,thaumicenergistics.TEIO,,,0,0,21xOrdo;18xFabrico;15xPermutatio;12xPerditio;9xMachina;6xLucrum;3xCognitio,,,,-4,-4
thaumicenergistics,Essentia Provider,thaumicenergistics.TEESSPROV,thaumicenergistics.TEIO,INFUSION;TUBEFILTER,,0,0,21xSensus;18xPraecantatio;15xLucrum;12xMetallum;9xOrdo;6xPotentia;3xMachina,,,,-2,-4
thaumicenergistics,Warded Arcana,thaumicenergistics.Pseudo.WARDEDARCANA,,,,0,0,<empty>,,,,1,2
thaumicenergistics,Wand Foci,thaumicenergistics.Pseudo.FOCUSFIRE,,,,0,0,<empty>,,,,-4,-7
thaumicenergistics,Crafting Scepters,thaumicenergistics.Pseudo.SCEPTRE,,,,0,0,<empty>,,,,5,0
NEWHORIZONS,Magical Wood,MAGICALWOOD,EMINENCESTONE,,,0,0,15xPraecantatio;12xLucrum;9xArbor;6xCognitio;3xPannus,,,,-2,6
NEWHORIZONS,Magical Obsidian Blocks,MAGICOBSIDIAN,INFUSION,,,1,1,8xPerditio;8xTerra,,,,2,4
NEWHORIZONS,§c§l§kU§6§l§kL§e§l§kT§2§l§kI§a§l§kM§b§l§kA§3§l§kT§1§l§kE§r §6§lTea,KT_UltimateTea,INFUSION;DEZILSMARSHMALLOW,,,10,10,1xPraecantatio;1xSano;1xHerba;1xPermutatio,,,,-2,4
NEWHORIZONS,Enchanting Table,ENCHANTINGTABLE,NITOR;ALUMENTUM,,,0,0,15xPraecantatio;12xFabrico;9xCognitio;6xPotentia,,,,0,0
NEWHORIZONS,Auto Enchanting Table,AUTOENCHANTINGTABLE,ENCHANTINGTABLE,,,1,1,15xPraecantatio;12xFabrico;9xCognitio;6xPotentia,,,,0,2
NEWHORIZONS,Lava Crystal,LAVACRYSTAL,ENCHANTINGTABLE,,,0,0,15xIgnis;12xPraecantatio;9xVacuos;6xPerditio,,,,2,-2
NEWHORIZONS,Portal to The Deep Dark,PORTALDEEPDARK,PORTALMILLENIUM;ICHOR,,,32,32,27xVacuos;24xTempus;21xLuxuria;12xGula;9xSuperbia,,,,2,8
NEWHORIZONS,Terrestrial Enhancement,MECHANICALARMOR_TERRASTEEL,MECHANICALARMOR_GOGGLES;BH_NATURA_PYLON;BH_ALFHEIM,,,2,1,48xHerba;24xTutamen;12xPraecantatio;8xFabrico,,,,-8,2
NEWHORIZONS,Hellish Metal,HELLISHMETAL,,,,0,0,15xInfernus;12xLucrum;6xFames;3xIgnis,,,,0,6
NEWHORIZONS,Red Heart Canister,REDHEARTCANISTER,REDHEART,,,1,1,15xMetallum;15xLucrum;12xSano;9xIgnis;6xMortuus;3xExanimis,,,,0,-8
NEWHORIZONS,Ender Tank,ENDERTANK,ENDERCHEST,,,0,0,15xMetallum;15xElectrum;12xMachina;9xIgnis;6xLucrum;3xSensus,,,,-4,2
NEWHORIZONS,Beacon,BEACON,INFUSION,,,1,1,15xAlienis;12xPraecantatio;9xAuram;6xFames,,,,4,0
NEWHORIZONS,Archmage Striders,MECHANICALARMOR_ARCHMAGE_STRIDERS,MECHANICALARMOR_APPRENTICE_STRIDERS;OCULUS;ADVANCEDROBES;QuantumBootsoftheTraveller,,,2,1,32xTutamen;16xPraecantatio;8xFabrico,,,,-8,6
NEWHORIZONS,Ender Pouch,ENDERPOUCHE,ENDERTANK,,,0,0,15xLucrum;15xVitreus;12xMetallum;9xElectrum;6xMachina;3xAlienis,,,,-4,4
NEWHORIZONS,Netherite gear,NetheriteArmour,ELDRITCHMINOR,,,2,1,15xInfernus;12xLucrum;12xPraecantatio;9xSpiritus;6xFames;3xIgnis,,,,6,6
NEWHORIZONS,Yellow Heart Canister,YELLOWHEARTCANISTER,YELLOWHEART,,,2,1,15xMetallum;15xLucrum;12xSano;9xPraecantatio;6xMortuus;3xExanimis,,,,-2,-9
NEWHORIZONS,Ball of Moss,BALLOFMOSS,SILKYCRYSTAL;LAVACRYSTAL,,,0,0,15xSano;12xTerra;9xInstrumentum,,,,0,-4
NEWHORIZONS,Green Heart,GREENHEART,YELLOWHEART,,,2,1,15xInfernus;12xLucrum;12xPraecantatio;9xSpiritus;6xFames;3xCorpus,,,,-4,-7
NEWHORIZONS,Angel Block,ANGELBLOCK,MAGICALWOOD,,,0,0,15xAer;12xLucrum;9xIgnis;6xTerra,,,,-2,8
NEWHORIZONS,Red Heart,REDHEART,RUNICAUGMENTATION;BALLOFMOSS,,,0,0,15xIgnis;12xPraecantatio;9xSano;6xMortuus;3xExanimis,,,,0,-6
NEWHORIZONS,Silky Jewel,SILKYCRYSTAL,ENCHANTINGTABLE,,,0,0,15xPannus;2xLucrum;9xInstrumentum;6xAer;3xPraecantatio,,,,-2,-2
NEWHORIZONS,Green Heart Canister,GREENHEARTCANISTER,GREENHEART,,,2,2,15xInfernus;15xMetallum;12xLucrum;12xSano;12xPraecantatio;9xSpiritus;6xFames;3xCorpus,,,,-4,-9
NEWHORIZONS,Shulker Box,SHULKER,HUNGRYCHEST,,,0,0,15xInfernus;12xLucrum;12xPraecantatio;9xSpiritus;6xFames;3xCorpus,,,,-6,6
NEWHORIZONS,Brewing Stand,BREWINGSTAND,,,,0,0,15xPraecantatio;15xFabrico;12xCognitio;12xPerditio;9xIgnis;6xTerra;3xAqua,,,,2,0
NEWHORIZONS,Yellow Heart,YELLOWHEART,REDHEART,,,0,0,15xMortuus;12xPraecantatio;9xExanimis;6xSano;3xIgnis,,,,-2,-7
NEWHORIZONS,Eldritch Striders,MECHANICALARMOR_ELDRITCH_STRIDERS,MECHANICALARMOR_ARCHMAGE_STRIDERS;ShadowClothGTNH;ICHOR_CLOTH;KnightRobesGTNH;TB_EMT_Tainted_Compat,,,5,5,48xAlienis;32xTutamen;16xPraecantatio;12xFabrico;6xAer,,,,-8,8
NEWHORIZONS,Elytra,ELYTRA,FeatherWings,,,0,0,15xAer;12xLucrum;12xPraecantatio;9xSpiritus;12xMotus;3xTempestas,,,,-4,6
NEWHORIZONS,Disenchanting Table,DISENCHANTINGTABLE,ENCHANTINGTABLE,,,2,1,21xAlienis;18xPerditio;15xPraecantatio;12xFabrico;9xCognitio;6xPotentia,,,,2,2
NEWHORIZONS,Angel Ring,EXURINGS_CRAFTING,ICHORIUM;BH_ALFHEIM;ANGELBLOCK;ALCHEMICCHEMSTRYSET,,,8,8,20xPraecantatio;20xVolatus;10xInstrumentum;5xLucrum;5xAer,,,,0,8
NEWHORIZONS,Carved 'Eminence' Stone,EMINENCESTONE,INFUSION,,,0,0,15xAlienis;12xSensus;9xTerra;6xAer,,,,0,4
NEWHORIZONS,Ghost Amulet,GHOSTAMULET,ENCHANTINGTABLE;BREWINGSTAND,,,2,1,21xPotentia;18xAuram;15xInfernus;12xLucrum;12xPraecantatio;9xSpiritus;6xAlienis;3xCorpus,,,,4,2
NEWHORIZONS,Totem of Undying,UNDYINGTOTEM,REDHEART,,,2,1,15xInfernus;12xLucrum;12xPraecantatio;9xSpiritus;6xFames;3xCorpus,,,,-6,-7
NEWHORIZONS,Dezil's Marshmallow,DEZILSMARSHMALLOW,INFUSION,,,4,4,15xAlienis;12xPraecantatio;9xSuperbia;6xSano;3xPotentia,,,,-2,2
NEWHORIZONS,Magic and Mechanical Armor,MECHANICALARMOR_GOGGLES,GOGGLES,,,0,0,24xTutamen;12xPraecantatio;6xSensus,,,,-6,2
NEWHORIZONS,Ancient Tunes,SCULK,,,,1,1,15xIra;12xMortuus;5xVictus;5xExanimis,,,,-4,8
NEWHORIZONS,Milk Infusion,MECHANICALARMOR_MILK,MECHANICALARMOR_GOGGLES;CLEANSING_TALISMAN,,,0,0,24xTutamen;12xPraecantatio;6xSano,,,,-8,0
NEWHORIZONS,Skullfire Sword,SFSWORD,INFUSION,,,1,1,8xAuram;8xCorpus;8xExanimis;8xMetallum;8xMortuus,,,,4,4
NEWHORIZONS,Portal to The Last Millennium,PORTALMILLENIUM,EMINENCESTONE;OCULUS,,,1,1,15xAlienis;12xSensus;9xTerra,,,,2,6
NEWHORIZONS,Luggage,LUGGAGE,ENDERCHEST,,,1,1,15xAlienis;15xSensus;12xIter;9xPraecantatio;6xFabrico;3xLucrum,,,,-2,0
NEWHORIZONS,Necrotic Bone,NECROTICBONE,ENTROPICPROCESSING;BALLOFMOSS;SILKYCRYSTAL;LAVACRYSTAL,,,1,1,15xExanimis;12xMortuus;9xSpiritus;6xVenenum,,,,0,-2
NEWHORIZONS,Ender Chest,ENDERCHEST,INFUSION,,,0,0,15xMetallum;15xElectrum;12xMachina;9xAlienis;6xLucrum;3xFabrico,,,,-4,0
NEWHORIZONS,Apprentice Striders,MECHANICALARMOR_APPRENTICE_STRIDERS,MECHANICALARMOR_GOGGLES;SPINNINGWHEEL;SPELL_CLOTH;NanoBootsoftheTraveller,,,0,0,24xTutamen;12xPraecantatio;8xFabrico,,,,-8,4
AUTOMAGY,Redcrystal,REDCRYSTAL,REDSTONETHEORY,,REDCRYSTAL_AMP;REDCRYSTAL_DIM;REDCRYSTAL_DENSE,0,0,15xPraecantatio;12xMachina;9xPotentia;6xVitreus;3xPerditio,,,,0,2
AUTOMAGY,Golem Linking Bell,GOLEMLINKER,GOLEMINHIBITOR,INFUSION;UPGRADEORDER;GOLEMBELL,,0,0,8xOrdo;4xHumanus;4xSpiritus;4xInstrumentum,,,,7,-5
AUTOMAGY,Runed Obsidian: Wisp,NETHERRUNE_WISP,DIMENSIONLURE,,,0,0,3xVinculum;3xAuram;3xIgnis,,,,13,-8
AUTOMAGY,Siren's Lure,MOBLURE,NETHERMIND,INFUSION,,0,0,5xIgnis;5xCognitio;5xFames,,,,12,-4
AUTOMAGY,Dimensional Lure,DIMENSIONLURE,MOBLURE;ENTITYSIGNAL,INFUSION,,2,2,5xIgnis;5xAlienis;5xFames;5xIter;5xVinculum,,,,11,-6
AUTOMAGY,Infused Gold,InfusedGoldGTNH,INFUSION;THAUMIUM,,,0,0,12xLucrum;9xPraecantatio;6xAer;3xMetallum,,,,-5,-2
AUTOMAGY,Advanced Node Jarring,ADVNODEJAR,,NODEJAR;FOCUSWARDING;WARDEDARCANA,,0,0,7xAuram;4xLucrum;4xOrdo;4xIter,,,,-7,6
AUTOMAGY,Tally Box Lenses,TALLYBLOCK_LENS,TALLYBLOCK,,,0,0,3xSensus;2xVacuos;2xPerfodio,,,,6,1
AUTOMAGY,Runed Obsidian: Ghast,NETHERRUNE_GHAST,DIMENSIONLURE,,,0,0,3xVinculum;3xSpiritus;3xExanimis,,,,11,-8
AUTOMAGY,Runed Obsidian: Bat,NETHERRUNE_BAT,DIMENSIONLURE,,,0,0,3xVinculum;3xBestia;3xIgnis,,,,13,-6
AUTOMAGY,Remote Comparator,REMOTECOMPARATOR,REDCRYSTAL,,,0,0,15xPotentia;12xMachina;9xSensus;6xAer;3xPraecantatio,,,,3,1
AUTOMAGY,Essentia Aggregator,ESSENTIALOCUSAGGREGATOR,ESSENTIALOCUS,MIRRORESSENTIA;JARVOID;INFUSION,,0,0,5xPraecantatio;5xLimus;5xIter;5xTenebrae,,,,2,-4
AUTOMAGY,Melding Mirror,MIRRORINPUT,,MIRROR;VOIDMETAL;REMOTECOMPARATOR;INFUSION,,0,0,4xIter;2xAlienis;2xTenebrae;2xSensus,,,,9,8
AUTOMAGY,Dim Redcrystal,REDCRYSTAL_DIM,REDCRYSTAL,,,0,0,1xPotentia;1xMachina;1xVitreus;2xPerditio,,,,2,3
AUTOMAGY,Mercurial Redcrystal,REDCRYSTAL_MIRRORBOUND,REDCRYSTAL_RES,MIRROR,,0,0,15xIter;12xPotentia;9xTenebrae;6xTerra;3xPraecantatio,,,,-5,4
AUTOMAGY,Thirsty Tank,THIRSTYTANK,GREEDYCHEST,,,0,0,8xFames;5xAqua;3xVacuos;3xPermutatio,,,,0,9
AUTOMAGY,Eager Chest,EAGERCHEST,AVARICIOUS;ENCHANTEDPAPER,,,0,0,5xPermutatio;3xVacuos;3xHumanus,,,,6,9
AUTOMAGY,Glyph of the Bovine,THIRSTYTANK_GLYPH_BOVINE,THIRSTYTANK_GLYPH,ENTITYSIGNAL,,0,0,2xFames;2xAqua;3xBestia;3xMeto,,,,-2,8
AUTOMAGY,Runed Obsidian: Light,NETHERRUNE_LIGHT,NETHERMIND,,,0,0,9xLux;6xSensus,,,,13,0
AUTOMAGY,Hungry Maw,HUNGRYMAW,HUNGRYCHEST;FOCUSPORTABLEHOLE,,,0,0,5xFames;3xVacuos;3xTenebrae;3xPermutatio,,,,1,6
AUTOMAGY,Alchemical Boiler,ALCHEMYBOILER,,DISTILESSENTIA,,0,0,2xPraecantatio;5xAqua;2xLimus;3xIgnis,,,,-2,11
AUTOMAGY,Signum Entia,ENTITYSIGNAL,CRYSTALBRAIN,INFUSION,,0,0,10xTerra;5xSensus;5xVictus;3xBestia;3xSpiritus,1xitem.crystalBrain@3,,,9,-4
AUTOMAGY,Runed Obsidian: Slime,NETHERRUNE_SLIME,DIMENSIONLURE,,,0,0,3xVinculum;3xLimus;3xIgnis,,,,13,-7
AUTOMAGY,Runed Obsidian: Zombie,NETHERRUNE_ZOMBIE,DIMENSIONLURE,TALLOW,,0,0,3xVinculum;3xLucrum;3xCognitio,,,,10,-8
AUTOMAGY,Soul Stone,XPSTONE,AMNESIASTONE,,,1,1,2xCognitio;2xTerra;2xPerditio;2xPermutatio,,,,4,-7
AUTOMAGY,Greedy Chest,GREEDYCHEST,HUNGRYCHEST,,,0,0,5xLucrum;3xVacuos;3xPermutatio,,,,3,8
AUTOMAGY,Golem's Workbench,GOLEMWORKBENCH,ENCHANTEDPAPER,COREEMPTY;INFUSION,,0,0,8xFabrico;3xOrdo;5xHumanus;5xSpiritus,,,,7,6
AUTOMAGY,Runed Obsidian: Soul,NETHERRUNE_SOUL,NETHERMIND,,,0,0,9xSpiritus;3xVinculum;3xTerra;3xPerditio,,,,13,-1
AUTOMAGY,Dispersing Mirror,MIRRORMULTIDEST,MIRRORINPUT;INVENTARIUM_DELIVERY,INFUSION,,0,0,2xIter;2xAlienis;2xTenebrae;2xCognitio,,,,10,6
AUTOMAGY,Ender Disjunction,ENDERDISJUNCTION,AVARICIOUS,INFUSION,,0,0,4xPerditio;5xVinculum;3xAlienis,,,,2,11
AUTOMAGY,Supply and Demand,INVENTARIUM_DELIVERY,INVENTARIUM,GOLEMLINKER;GOLEMINHIBITOR;NITORLIGHT;INFUSION,,0,0,5xLucrum;3xHumanus;5xCognitio;3xSpiritus;3xOrdo,,,,10,5
AUTOMAGY,Slivers of Magic,SLIVERS,,,,0,0,<empty>,,,,-1,-2
AUTOMAGY,Fishing Enchantments,ENCHANT_FISHING,,INFUSIONENCHANTMENT,,0,0,3xAqua;3xMeto;2xPraecantatio,,,,-6,2
AUTOMAGY,Runed Obsidian: Celerity,NETHERRUNE_CELERITY,NETHERMIND,GREEDYCHEST,,0,0,9xAlienis;6xIter;3xPermutatio,,,,12,0
AUTOMAGY,Thirsty Glyphs,THIRSTYTANK_GLYPH,THIRSTYTANK,AVARICIOUS,,0,0,3xFames;3xAqua;2xMachina,,,,-1,8
AUTOMAGY,Crystalline Brain,CRYSTALBRAIN,REMOTECOMPARATOR,,,1,1,5xCognitio;1xAqua;1xAer;1xOrdo;5xVitreus;1xIgnis;1xTerra;1xPerditio,,,,7,-1
AUTOMAGY,Vishroom Oddities,VISHROOMSOUP,,,,0,0,1xCognitio;1xAlienis;1xPraecantatio,1xitem.foodstuff@0;1xtile.blockFluidVishroom@0,,,-4,10
AUTOMAGY,Glowing Amber,NITORLIGHT,,NITOR,,0,0,12xLux;9xIgnis;6xAer,,,,-5,0
AUTOMAGY,Inventarium,INVENTARIUM,CRYSTALBRAIN;TALLYBLOCK,VISPOWER;INFUSION,INVENTARIUM_EXTRA,0,0,5xSensus;5xCognitio;5xOrdo,1xitem.crystalBrain@4,,,8,3
AUTOMAGY,Scrivener's Oculus,INVENTARIUM_POINTER,INVENTARIUM,,,0,0,5xSensus;3xVitreus;3xVacuos,,,,7,4
AUTOMAGY,Resonating Redcrystal,REDCRYSTAL_RES,,REDCRYSTAL,,0,0,15xPotentia;12xMachina;9xVitreus;6xAer;3xPraecantatio,,,,-3,5
AUTOMAGY,Workbench Upgrades,GOLEMWORKBENCH_UPGRADE,GOLEMWORKBENCH,UPGRADEAIR;UPGRADEEARTH;UPGRADEFIRE;UPGRADEWATER;UPGRADEORDER;UPGRADEENTROPY,,0,0,5xFabrico;1xHumanus;1xSpiritus,,,,8,6
AUTOMAGY,Wand Focus: Crafting,FOCUSCRAFTING,,FOCUSFIRE,,0,0,15xFabrico;12xPraecantatio;9xInstrumentum;6xTerra,,,,-4,7
AUTOMAGY,Enchanted Paper,ENCHANTEDPAPER,GREEDYCHEST,,,0,0,5xOrdo;3xCognitio;3xPraecantatio,,,,5,7
AUTOMAGY,Hungry Hand Mirror,AUTOHANDMIRROR,FINICALMAW,MIRRORHAND,,0,0,8xFames;8xOrdo;5xPermutatio,,,,4,4
AUTOMAGY,Redstone Theory,REDSTONETHEORY,,,,0,0,<empty>,,,,0,0
AUTOMAGY,Runed Obsidian: Skull,NETHERRUNE_SKELETON,DIMENSIONLURE,,,0,0,3xVinculum;3xMortuus;3xTelum,,,,12,-8
AUTOMAGY,Essentia Locus,ESSENTIALOCUS,CRYSTALBRAIN;VISREADER,TUBES;GOGGLES;INFUSION,,0,0,5xCognitio;10xAqua;8xPraecantatio,1xitem.crystalBrain@2,,,4,-3
AUTOMAGY,Magic Hourglass,MAGICHOURGLASS,INFUSION;InfusedGoldGTNH;REDCRYSTAL,,,0,0,15xMachina;12xMotus;9xPotentia;6xAer;3xPraecantatio,,,,-3,1
AUTOMAGY,Amnesiac's Stone,AMNESIASTONE,GOLEMINHIBITOR;JARBRAIN,,,0,0,5xCognitio;5xVacuos,,,,5,-7
AUTOMAGY,Crafting Focus Upgrades,FOCUSCRAFTING_UPGRADE,FOCUSCRAFTING,FOCALMANIPULATION,,0,0,3xFabrico;3xVacuos;3xAlienis;3xPermutatio,,,,-5,8
AUTOMAGY,Amplified Redcrystal,REDCRYSTAL_AMP,REDCRYSTAL,,,0,0,1xPotentia;1xMachina;1xVitreus;2xIgnis,,,,-2,3
AUTOMAGY,Condensed Archives,INVENTARIUM_EXTRA,INVENTARIUM,,,0,0,5xCognitio,,,,10,3
AUTOMAGY,Runed Obsidian: Crystal,NETHERRUNE_CRYSTAL,NETHERMIND,,,0,0,9xVitreus;6xPotentia;3xTerra,,,,13,-2
AUTOMAGY,Thaumostatic Spire,THAUMOSTATICREFUELER,CRYSTALBRAIN,HOVERHARNESS;VISPOWER;THAUMIUM;DISTILESSENTIA;INFUSION,,0,0,5xCognitio;5xAer;5xVolatus;5xPotentia,1xitem.crystalBrain@0,,,10,1
AUTOMAGY,Tally Box,TALLYBLOCK,REMOTECOMPARATOR;ENCHANTEDPAPER,,,0,0,3xSensus;3xPotentia;3xOrdo,,,,5,2
AUTOMAGY,Nethermind,NETHERMIND,CRYSTALBRAIN,GREEDYCHEST;VISPOWER;DISTILESSENTIA;INFUSION,,2,1,5xCognitio;10xIgnis;5xAlienis;5xPermutatio,1xitem.crystalBrain@1,,,11,-2
AUTOMAGY,Vis Reader,VISREADER,REMOTECOMPARATOR;DISTILESSENTIA,,,0,0,5xSensus;5xPraecantatio;3xAuram,,,,3,-1
AUTOMAGY,Finical Maw,FINICALMAW,HUNGRYMAW;ENCHANTEDPAPER,,,0,0,8xFames;8xOrdo;5xPermutatio,,,,3,6
AUTOMAGY,Structured Avarice,AVARICIOUS,GREEDYCHEST,,,0,0,2xLucrum;1xOrdo,,,,4,10
AUTOMAGY,Tenacious Chest,TENACIOUSCHEST,AVARICIOUS,,,0,0,3xLucrum;3xVacuos,,,,6,11
AUTOMAGY,Dense Redcrystal,REDCRYSTAL_DENSE,REDCRYSTAL,,,0,0,1xPotentia;1xMachina;1xVitreus;2xTerra,,,,0,4
AUTOMAGY,Golemic Inhibitor,GOLEMINHIBITOR,CRYSTALBRAIN,GOLEMFETTER;THAUMIUM,,0,0,5xCognitio;8xVinculum;4xMachina;2xSpiritus;2xHumanus,1xitem.crystalBrain@5,,,6,-5
TT_CATEGORY,Wand Focus: Shadowbeam,FOCUS_SHADOWBEAM,ROD_ICHORCLOTH,WARP;RESEARCH;ENCHANT;NODES;RESEARCHDUPE;ORE;ASPECTS;KNOWFRAG;RESEARCHER2;CRIMSON;NODEJAR;RESEARCHER1;NODETAPPER2;DECONSTRUCTOR;NODETAPPER1;THAUMONOMICON;PLANTS;NODEPRESERVE;PECH;NODESTABILIZER;WANDPEDFOC;VAMPBAT;ROD_bone;BASICTHAUMATURGY;FOCUSEXCAVATION;SCEPTRE;ROD_quartz_staff;FOCUSHELLBAT;VISCHARGERELAY;ROD_ice;NODESTABILIZERADV;ROD_reed;ROD_greatwood_staff;ROD_silverwood_staff;FOCUSFROST;VISAMULET;FOCALMANIPULATION;FOCUSFIRE;CAP_gold;ROD_silverwood;VISPOWER;FOCUSPOUCH;CAP_copper;ROD_reed_staff;FOCUSSHOCK;CAP_silver;ROD_quartz;FOCUSWARDING;ROD_obsidian;FOCUSPORTABLEHOLE;CAP_thaumium;ROD_greatwood;ROD_blaze;ROD_bone_staff;ROD_obsidian_staff;FOCUSTRADE;ROD_ice_staff;WANDPED;ROD_blaze_staff;ALUMENTUM;BATHSALTS;CRUCIBLE;ENTROPICPROCESSING;TRANSIRON;THAUMATORIUM;ALCHEMICALMANUFACTURE;LIQUIDDEATH;TUBES;TRANSTIN;SANESOAP;ETHEREALBLOOM;TALLOW;PURESILVER;PURETIN;TRANSCOPPER;ESSENTIACRYSTAL;ARCANESPA;CENTRIFUGE;TRANSSILVER;PUREIRON;ALCHEMICALDUPLICATION;JARVOID;NITOR;BOTTLETAINT;PUREGOLD;DISTILESSENTIA;PHIAL;TUBEFILTER;PURELEAD;THAUMIUM;TRANSLEAD;TRANSGOLD;PURECOPPER;JARLABEL;RUNICEMERGENCY;GOGGLES;ENCHFABRIC;ELEMENTALPICK;ELEMENTALAXE;TABLE;INFERNALFURNACE;BANNERS;ELEMENTALSHOVEL;LEVITATOR;HOVERGIRDLE;WARDEDARCANA;BASICARTIFACE;FLUXSCRUB;THAUMOMETER;BOOTSTRAVELLER;RESTABLE;MIRRORESSENTIA;PRIMALARROW;ARCANEEAR;GRATE;RUNICCHARGED;RUNICHEALING;HOVERHARNESS;MIRROR;ALCHGRATE;LAMPGROWTH;MASKGRINNINGDEVIL;ELEMENTALHOE;MIRRORHAND;ARCTABLE;INFUSION;RUNICKINETIC;PAVEWARD;MASKANGRYGHOST;MASKSIPPINGFIEND;ARCANELAMP;ARMORFORTRESS;BELLOWS;HELMGOGGLES;RUNICARMOR;RUNICAUGMENTATION;LAMPFERTILITY;BONEBOW;ARCANESTONE;SINSTONE;ELEMENTALSWORD;PAVETRAVEL;JARBRAIN;ARCANEBORE;INFUSIONENCHANTMENT;GOLEMCLAY;UPGRADEWATER;HUNGRYCHEST;GOLEMTALLOW;GOLEMWOOD;GOLEMFLESH;UPGRADEEARTH;TINYDART;UPGRADEFIRE;UPGRADEENTROPY;COREUSE;TINYHAMMER;TRAVELTRUNK;TINYBOWTIE;GOLEMBELL;CORESORTING;GOLEMTHAUMIUM;TINYHAT;TINYFEZ;CORELUMBER;TINYGLASSES;TINYVISOR;UPGRADEAIR;COREFISHING;COREGATHER;COREHARVEST;COREBUTCHER;COREGUARD;ADVANCEDGOLEM;TINYARMOR;COREFILL;GOLEMFETTER;GOLEMSTRAW;COREALCHEMY;GOLEMSTONE;GOLEMIRON;CORELIQUID;COREEMPTY;UPGRADEORDER;TTENCH_VALIANCE;TTENCH_SHOCKWAVE;TTENCH_ASCENT_BOOST;TTENCH_DISPERSED;FOCUS_DEFLECT;TTENCH_SLOW_FALL;TTENCH_FOCUSED;TTENCH_SHATTER;FOCUS_DISLOCATION;TTENCH_TUNNEL;FOCUS_HEAL;FOCUS_TELEKINESIS;TTENCH_VAMPIRISM;TTENCH_FINAL;CLEANSING_TALISMAN;REVEALING_HELM;SPELL_CLOTH;BRIGHT_NITOR;TTENCH_QUICK_DRAW;TTENCH_POUNCE;TTENCH_DESINTEGRATE;TTENCH_AUTO_SMELT;FOCUS_ENDER_CHEST,,2,2,15xTenebrae;15xPraecantatio;12xAlienis;9xTelum;6xTempestas;3xMotus,,,,14,4
TT_CATEGORY,Enchantment: Valiance,TTENCH_VALIANCE,TTENCH_VAMPIRISM,,,0,0,15xSano;15xTelum;12xPraecantatio;9xAlienis;6xAuram;3xBestia,,,,1,4
TT_CATEGORY,Enchantment: Shockwave,TTENCH_SHOCKWAVE,TTENCH_SLOW_FALL,,,0,0,15xAer;15xPerditio;12xTutamen;9xPraecantatio;6xAuram;3xVolatus,,,,9,2
TT_CATEGORY,Ichorium Tools,ICHOR_TOOLS,ICHORIUM,ROD_ICHORCLOTH;WARP;RESEARCH;ENCHANT;NODES;RESEARCHDUPE;ORE;ASPECTS;KNOWFRAG;RESEARCHER2;CRIMSON;NODEJAR;RESEARCHER1;NODETAPPER2;DECONSTRUCTOR;NODETAPPER1;THAUMONOMICON;PLANTS;NODEPRESERVE;PECH;NODESTABILIZER;WANDPEDFOC;VAMPBAT;ROD_bone;BASICTHAUMATURGY;FOCUSEXCAVATION;SCEPTRE;ROD_quartz_staff;FOCUSHELLBAT;VISCHARGERELAY;ROD_ice;NODESTABILIZERADV;ROD_reed;ROD_greatwood_staff;ROD_silverwood_staff;FOCUSFROST;VISAMULET;FOCALMANIPULATION;FOCUSFIRE;CAP_gold;ROD_silverwood;VISPOWER;FOCUSPOUCH;CAP_copper;ROD_reed_staff;FOCUSSHOCK;CAP_silver;ROD_quartz;FOCUSWARDING;ROD_obsidian;FOCUSPORTABLEHOLE;CAP_thaumium;ROD_greatwood;ROD_blaze;ROD_bone_staff;ROD_obsidian_staff;FOCUSTRADE;ROD_ice_staff;WANDPED;ROD_blaze_staff;ALUMENTUM;BATHSALTS;CRUCIBLE;ENTROPICPROCESSING;TRANSIRON;THAUMATORIUM;ALCHEMICALMANUFACTURE;LIQUIDDEATH;TUBES;TRANSTIN;SANESOAP;ETHEREALBLOOM;TALLOW;PURESILVER;PURETIN;TRANSCOPPER;ESSENTIACRYSTAL;ARCANESPA;CENTRIFUGE;TRANSSILVER;PUREIRON;ALCHEMICALDUPLICATION;JARVOID;NITOR;BOTTLETAINT;PUREGOLD;DISTILESSENTIA;PHIAL;TUBEFILTER;PURELEAD;THAUMIUM;TRANSLEAD;TRANSGOLD;PURECOPPER;JARLABEL;RUNICEMERGENCY;GOGGLES;ENCHFABRIC;ELEMENTALPICK;ELEMENTALAXE;TABLE;INFERNALFURNACE;BANNERS;ELEMENTALSHOVEL;LEVITATOR;HOVERGIRDLE;WARDEDARCANA;BASICARTIFACE;FLUXSCRUB;THAUMOMETER;BOOTSTRAVELLER;RESTABLE;MIRRORESSENTIA;PRIMALARROW;ARCANEEAR;GRATE;RUNICCHARGED;RUNICHEALING;HOVERHARNESS;MIRROR;ALCHGRATE;LAMPGROWTH;MASKGRINNINGDEVIL;ELEMENTALHOE;MIRRORHAND;ARCTABLE;INFUSION;RUNICKINETIC;PAVEWARD;MASKANGRYGHOST;MASKSIPPINGFIEND;ARCANELAMP;ARMORFORTRESS;BELLOWS;HELMGOGGLES;RUNICARMOR;RUNICAUGMENTATION;LAMPFERTILITY;BONEBOW;ARCANESTONE;SINSTONE;ELEMENTALSWORD;PAVETRAVEL;JARBRAIN;ARCANEBORE;INFUSIONENCHANTMENT;GOLEMCLAY;UPGRADEWATER;HUNGRYCHEST;GOLEMTALLOW;GOLEMWOOD;GOLEMFLESH;UPGRADEEARTH;TINYDART;UPGRADEFIRE;UPGRADEENTROPY;COREUSE;TINYHAMMER;TRAVELTRUNK;TINYBOWTIE;GOLEMBELL;CORESORTING;GOLEMTHAUMIUM;TINYHAT;TINYFEZ;CORELUMBER;TINYGLASSES;TINYVISOR;UPGRADEAIR;COREFISHING;COREGATHER;COREHARVEST;COREBUTCHER;COREGUARD;ADVANCEDGOLEM;TINYARMOR;COREFILL;GOLEMFETTER;GOLEMSTRAW;COREALCHEMY;GOLEMSTONE;GOLEMIRON;CORELIQUID;COREEMPTY;UPGRADEORDER;TTENCH_VALIANCE;TTENCH_SHOCKWAVE;TTENCH_ASCENT_BOOST;TTENCH_DISPERSED;FOCUS_DEFLECT;GASEOUS_SHADOW;TTENCH_SLOW_FALL;TTENCH_FOCUSED;TTENCH_SHATTER;FOCUS_DISLOCATION;TTENCH_TUNNEL;FOCUS_HEAL;FOCUS_TELEKINESIS;GASEOUS_LIGHT;TTENCH_VAMPIRISM;TTENCH_FINAL;CLEANSING_TALISMAN;REVEALING_HELM;SPELL_CLOTH;BRIGHT_NITOR;TTENCH_QUICK_DRAW;TTENCH_POUNCE;TTENCH_DESINTEGRATE;TTENCH_AUTO_SMELT;FOCUS_ENDER_CHEST,,2,1,18xInstrumentum;15xTelum;12xMetallum;9xFabrico;6xPraecantatio;3xAlienis,,,,13,12
TT_CATEGORY,Wand Focus: Distortion,FOCUS_DEFLECT,FOCUS_SMELT;FOCUS_FLIGHT,INFUSION,,0,0,15xAlienis;12xPraecantatio;9xPermutatio;6xAuram;3xAer,,,,-4,-3
TT_CATEGORY,Gaseous Tenebrae,GASEOUS_SHADOW,GASEOUS_LIGHT,,,0,0,12xIgnis;12xTenebrae;9xAer;6xMotus;3xPraecantatio,,,,-1,-5
TT_CATEGORY,Enchantment: Focused Strikes,TTENCH_FOCUSED,TTENCH_VAMPIRISM,,,0,0,15xOrdo;15xTelum;12xPraecantatio;9xAlienis;6xAuram;3xBestia,,,,2,7
TT_CATEGORY,Ethereal Platform,PLATFORM,CLEANSING_TALISMAN,,,0,0,12xSensus;9xArbor;6xMotus;3xIter;3xPraecantatio,,,,-2,6
TT_CATEGORY,Elemental Fire: Aer,FIREAER,INFUSION;BRIGHT_NITOR;ELDRITCHMINOR,,,5,5,15xAer;12xLux;9xMotus;3xPraecantatio,,,,3,-7
TT_CATEGORY,Thaumic Restorer,REPAIRER,FUNNEL;INFUSION,INFUSION;THAUMIUM;ENCHFABRIC,,0,0,15xInstrumentum;12xFabrico;9xOrdo;6xPotentia;3xPraecantatio,,,,-1,-9
TT_CATEGORY,Transvector Interface,INTERFACE,INFUSION;DARKQUARTZ,,,0,0,12xOrdo;9xPerditio;6xPotentia;3xAqua,,,,-4,2
TT_CATEGORY,Mob Summoning,SUMMON,BLOOD_SWORD,INFUSION,,3,2,15xTelum;12xBestia;9xPraecantatio;6xSpiritus;3xTerra,,,,-5,8
TT_CATEGORY,Wand Focus: Celestial Recall,FOCUS_RECALL,WARP_GATE,ROD_ICHORCLOTH;WARP;RESEARCH;ENCHANT;NODES;RESEARCHDUPE;ORE;ASPECTS;KNOWFRAG;RESEARCHER2;CRIMSON;NODEJAR;RESEARCHER1;NODETAPPER2;DECONSTRUCTOR;NODETAPPER1;THAUMONOMICON;PLANTS;NODEPRESERVE;PECH;NODESTABILIZER;WANDPEDFOC;VAMPBAT;ROD_bone;BASICTHAUMATURGY;FOCUSEXCAVATION;SCEPTRE;ROD_quartz_staff;FOCUSHELLBAT;VISCHARGERELAY;ROD_ice;NODESTABILIZERADV;ROD_reed;ROD_greatwood_staff;ROD_silverwood_staff;FOCUSFROST;VISAMULET;FOCALMANIPULATION;FOCUSFIRE;CAP_gold;ROD_silverwood;VISPOWER;FOCUSPOUCH;CAP_copper;ROD_reed_staff;FOCUSSHOCK;CAP_silver;ROD_quartz;FOCUSWARDING;ROD_obsidian;FOCUSPORTABLEHOLE;CAP_thaumium;ROD_greatwood;ROD_blaze;ROD_bone_staff;ROD_obsidian_staff;FOCUSTRADE;ROD_ice_staff;WANDPED;ROD_blaze_staff;ALUMENTUM;BATHSALTS;CRUCIBLE;ENTROPICPROCESSING;TRANSIRON;THAUMATORIUM;ALCHEMICALMANUFACTURE;LIQUIDDEATH;TUBES;TRANSTIN;SANESOAP;ETHEREALBLOOM;TALLOW;PURESILVER;PURETIN;TRANSCOPPER;ESSENTIACRYSTAL;ARCANESPA;CENTRIFUGE;TRANSSILVER;PUREIRON;ALCHEMICALDUPLICATION;JARVOID;NITOR;BOTTLETAINT;PUREGOLD;DISTILESSENTIA;PHIAL;TUBEFILTER;PURELEAD;THAUMIUM;TRANSLEAD;TRANSGOLD;PURECOPPER;JARLABEL;RUNICEMERGENCY;GOGGLES;ENCHFABRIC;ELEMENTALPICK;ELEMENTALAXE;TABLE;INFERNALFURNACE;BANNERS;ELEMENTALSHOVEL;LEVITATOR;HOVERGIRDLE;WARDEDARCANA;BASICARTIFACE;FLUXSCRUB;THAUMOMETER;BOOTSTRAVELLER;RESTABLE;MIRRORESSENTIA;PRIMALARROW;ARCANEEAR;GRATE;RUNICCHARGED;RUNICHEALING;HOVERHARNESS;MIRROR;ALCHGRATE;LAMPGROWTH;MASKGRINNINGDEVIL;ELEMENTALHOE;MIRRORHAND;ARCTABLE;INFUSION;RUNICKINETIC;PAVEWARD;MASKANGRYGHOST;MASKSIPPINGFIEND;ARCANELAMP;ARMORFORTRESS;BELLOWS;HELMGOGGLES;RUNICARMOR;RUNICAUGMENTATION;LAMPFERTILITY;BONEBOW;ARCANESTONE;SINSTONE;ELEMENTALSWORD;PAVETRAVEL;JARBRAIN;ARCANEBORE;INFUSIONENCHANTMENT;GOLEMCLAY;UPGRADEWATER;HUNGRYCHEST;GOLEMTALLOW;GOLEMWOOD;GOLEMFLESH;UPGRADEEARTH;TINYDART;UPGRADEFIRE;UPGRADEENTROPY;COREUSE;TINYHAMMER;TRAVELTRUNK;TINYBOWTIE;GOLEMBELL;CORESORTING;GOLEMTHAUMIUM;TINYHAT;TINYFEZ;CORELUMBER;TINYGLASSES;TINYVISOR;UPGRADEAIR;COREFISHING;COREGATHER;COREHARVEST;COREBUTCHER;COREGUARD;ADVANCEDGOLEM;TINYARMOR;COREFILL;GOLEMFETTER;GOLEMSTRAW;COREALCHEMY;GOLEMSTONE;GOLEMIRON;CORELIQUID;COREEMPTY;UPGRADEORDER;FOCUS_TELEKINESIS;TTENCH_VAMPIRISM;TTENCH_VALIANCE;TTENCH_SHOCKWAVE;TTENCH_FINAL;TTENCH_ASCENT_BOOST;TTENCH_DISPERSED;TTENCH_SLOW_FALL;TTENCH_FOCUSED;TTENCH_SHATTER;TTENCH_QUICK_DRAW;TTENCH_POUNCE;TTENCH_DESINTEGRATE;TTENCH_AUTO_SMELT;TTENCH_TUNNEL;FOCUS_ENDER_CHEST;FOCUS_HEAL,,2,2,18xIter;15xAlienis;12xVolatus;9xPraecantatio;6xAer;3xCognitio,,,,20,8
TT_CATEGORY,Awakened Ichorium Axe,ICHOR_AXE_GEM,ICHOR_TOOLS,WARP;RESEARCH;ENCHANT;NODES;RESEARCHDUPE;ORE;ASPECTS;KNOWFRAG;RESEARCHER2;CRIMSON;NODEJAR;RESEARCHER1;NODETAPPER2;DECONSTRUCTOR;NODETAPPER1;THAUMONOMICON;PLANTS;NODEPRESERVE;PECH;NODESTABILIZER;WANDPEDFOC;VAMPBAT;ROD_bone;BASICTHAUMATURGY;FOCUSEXCAVATION;SCEPTRE;ROD_quartz_staff;FOCUSHELLBAT;VISCHARGERELAY;ROD_ice;NODESTABILIZERADV;ROD_reed;ROD_greatwood_staff;ROD_silverwood_staff;FOCUSFROST;VISAMULET;FOCALMANIPULATION;FOCUSFIRE;CAP_gold;ROD_silverwood;VISPOWER;FOCUSPOUCH;CAP_copper;ROD_reed_staff;FOCUSSHOCK;CAP_silver;ROD_quartz;FOCUSWARDING;ROD_obsidian;FOCUSPORTABLEHOLE;CAP_thaumium;ROD_greatwood;ROD_blaze;ROD_bone_staff;ROD_obsidian_staff;FOCUSTRADE;ROD_ice_staff;WANDPED;ROD_blaze_staff;ALUMENTUM;BATHSALTS;CRUCIBLE;ENTROPICPROCESSING;TRANSIRON;THAUMATORIUM;ALCHEMICALMANUFACTURE;LIQUIDDEATH;TUBES;TRANSTIN;SANESOAP;ETHEREALBLOOM;TALLOW;PURESILVER;PURETIN;TRANSCOPPER;ESSENTIACRYSTAL;ARCANESPA;CENTRIFUGE;TRANSSILVER;PUREIRON;ALCHEMICALDUPLICATION;JARVOID;NITOR;BOTTLETAINT;PUREGOLD;DISTILESSENTIA;PHIAL;TUBEFILTER;PURELEAD;THAUMIUM;TRANSLEAD;TRANSGOLD;PURECOPPER;JARLABEL;RUNICEMERGENCY;GOGGLES;ENCHFABRIC;ELEMENTALPICK;ELEMENTALAXE;TABLE;INFERNALFURNACE;BANNERS;ELEMENTALSHOVEL;LEVITATOR;HOVERGIRDLE;WARDEDARCANA;BASICARTIFACE;FLUXSCRUB;THAUMOMETER;BOOTSTRAVELLER;RESTABLE;MIRRORESSENTIA;PRIMALARROW;ARCANEEAR;GRATE;RUNICCHARGED;RUNICHEALING;HOVERHARNESS;MIRROR;ALCHGRATE;LAMPGROWTH;MASKGRINNINGDEVIL;ELEMENTALHOE;MIRRORHAND;ARCTABLE;INFUSION;RUNICKINETIC;PAVEWARD;MASKANGRYGHOST;MASKSIPPINGFIEND;ARCANELAMP;ARMORFORTRESS;BELLOWS;HELMGOGGLES;RUNICARMOR;RUNICAUGMENTATION;LAMPFERTILITY;BONEBOW;ARCANESTONE;SINSTONE;ELEMENTALSWORD;PAVETRAVEL;JARBRAIN;ARCANEBORE;INFUSIONENCHANTMENT;GOLEMCLAY;UPGRADEWATER;HUNGRYCHEST;GOLEMTALLOW;GOLEMWOOD;GOLEMFLESH;UPGRADEEARTH;TINYDART;UPGRADEFIRE;UPGRADEENTROPY;COREUSE;TINYHAMMER;TRAVELTRUNK;TINYBOWTIE;GOLEMBELL;CORESORTING;GOLEMTHAUMIUM;TINYHAT;TINYFEZ;CORELUMBER;TINYGLASSES;TINYVISOR;UPGRADEAIR;COREFISHING;COREGATHER;COREHARVEST;COREBUTCHER;COREGUARD;ADVANCEDGOLEM;TINYARMOR;COREFILL;GOLEMFETTER;GOLEMSTRAW;COREALCHEMY;GOLEMSTONE;GOLEMIRON;CORELIQUID;COREEMPTY;UPGRADEORDER;TTENCH_VALIANCE;TTENCH_SHOCKWAVE;TTENCH_ASCENT_BOOST;TTENCH_DISPERSED;FOCUS_DEFLECT;GASEOUS_SHADOW;TTENCH_SLOW_FALL;TTENCH_FOCUSED;TTENCH_SHATTER;FOCUS_DISLOCATION;TTENCH_TUNNEL;FOCUS_HEAL;FOCUS_TELEKINESIS;GASEOUS_LIGHT;TTENCH_VAMPIRISM;TTENCH_FINAL;CLEANSING_TALISMAN;REVEALING_HELM;SPELL_CLOTH;BRIGHT_NITOR;TTENCH_QUICK_DRAW;TTENCH_POUNCE;TTENCH_DESINTEGRATE;TTENCH_AUTO_SMELT;FOCUS_ENDER_CHEST,,2,1,21xAqua;18xArbor;15xInstrumentum;12xMessis;9xMeto;6xPerfodio;3xSensus,,,,16,14
TT_CATEGORY,Wand Focus: Uprising,FOCUS_FLIGHT,FOCUS_SMELT;FOCUSFIRE,INFUSION,,0,0,15xMotus;12xAer;9xPraecantatio;6xVolatus;3xIter,,,,-3,-4
TT_CATEGORY,Awakened Ichorium Pickaxe,ICHOR_PICK_GEM,ICHOR_TOOLS,WARP;RESEARCH;ENCHANT;NODES;RESEARCHDUPE;ORE;ASPECTS;KNOWFRAG;RESEARCHER2;CRIMSON;NODEJAR;RESEARCHER1;NODETAPPER2;DECONSTRUCTOR;NODETAPPER1;THAUMONOMICON;PLANTS;NODEPRESERVE;PECH;NODESTABILIZER;WANDPEDFOC;VAMPBAT;ROD_bone;BASICTHAUMATURGY;FOCUSEXCAVATION;SCEPTRE;ROD_quartz_staff;FOCUSHELLBAT;VISCHARGERELAY;ROD_ice;NODESTABILIZERADV;ROD_reed;ROD_greatwood_staff;ROD_silverwood_staff;FOCUSFROST;VISAMULET;FOCALMANIPULATION;FOCUSFIRE;CAP_gold;ROD_silverwood;VISPOWER;FOCUSPOUCH;CAP_copper;ROD_reed_staff;FOCUSSHOCK;CAP_silver;ROD_quartz;FOCUSWARDING;ROD_obsidian;FOCUSPORTABLEHOLE;CAP_thaumium;ROD_greatwood;ROD_blaze;ROD_bone_staff;ROD_obsidian_staff;FOCUSTRADE;ROD_ice_staff;WANDPED;ROD_blaze_staff;ALUMENTUM;BATHSALTS;CRUCIBLE;ENTROPICPROCESSING;TRANSIRON;THAUMATORIUM;ALCHEMICALMANUFACTURE;LIQUIDDEATH;TUBES;TRANSTIN;SANESOAP;ETHEREALBLOOM;TALLOW;PURESILVER;PURETIN;TRANSCOPPER;ESSENTIACRYSTAL;ARCANESPA;CENTRIFUGE;TRANSSILVER;PUREIRON;ALCHEMICALDUPLICATION;JARVOID;NITOR;BOTTLETAINT;PUREGOLD;DISTILESSENTIA;PHIAL;TUBEFILTER;PURELEAD;THAUMIUM;TRANSLEAD;TRANSGOLD;PURECOPPER;JARLABEL;RUNICEMERGENCY;GOGGLES;ENCHFABRIC;ELEMENTALPICK;ELEMENTALAXE;TABLE;INFERNALFURNACE;BANNERS;ELEMENTALSHOVEL;LEVITATOR;HOVERGIRDLE;WARDEDARCANA;BASICARTIFACE;FLUXSCRUB;THAUMOMETER;BOOTSTRAVELLER;RESTABLE;MIRRORESSENTIA;PRIMALARROW;ARCANEEAR;GRATE;RUNICCHARGED;RUNICHEALING;HOVERHARNESS;MIRROR;ALCHGRATE;LAMPGROWTH;MASKGRINNINGDEVIL;ELEMENTALHOE;MIRRORHAND;ARCTABLE;INFUSION;RUNICKINETIC;PAVEWARD;MASKANGRYGHOST;MASKSIPPINGFIEND;ARCANELAMP;ARMORFORTRESS;BELLOWS;HELMGOGGLES;RUNICARMOR;RUNICAUGMENTATION;LAMPFERTILITY;BONEBOW;ARCANESTONE;SINSTONE;ELEMENTALSWORD;PAVETRAVEL;JARBRAIN;ARCANEBORE;INFUSIONENCHANTMENT;GOLEMCLAY;UPGRADEWATER;HUNGRYCHEST;GOLEMTALLOW;GOLEMWOOD;GOLEMFLESH;UPGRADEEARTH;TINYDART;UPGRADEFIRE;UPGRADEENTROPY;COREUSE;TINYHAMMER;TRAVELTRUNK;TINYBOWTIE;GOLEMBELL;CORESORTING;GOLEMTHAUMIUM;TINYHAT;TINYFEZ;CORELUMBER;TINYGLASSES;TINYVISOR;UPGRADEAIR;COREFISHING;COREGATHER;COREHARVEST;COREBUTCHER;COREGUARD;ADVANCEDGOLEM;TINYARMOR;COREFILL;GOLEMFETTER;GOLEMSTRAW;COREALCHEMY;GOLEMSTONE;GOLEMIRON;CORELIQUID;COREEMPTY;UPGRADEORDER;TTENCH_VALIANCE;TTENCH_SHOCKWAVE;FOCUS_DEFLECT;GASEOUS_SHADOW;TTENCH_FOCUSED;FOCUS_FLIGHT;FOCUS_HEAL;FOCUS_TELEKINESIS;TTENCH_VAMPIRISM;CLEANSING_TALISMAN;SPELL_CLOTH;XP_TALISMAN;TTENCH_QUICK_DRAW;TTENCH_POUNCE;TTENCH_DESINTEGRATE;TTENCH_ASCENT_BOOST;TTENCH_DISPERSED;TTENCH_SLOW_FALL;TTENCH_SHATTER;FOCUS_DISLOCATION;TTENCH_TUNNEL;GASEOUS_LIGHT;BLOOD_SWORD;TTENCH_FINAL;REVEALING_HELM;BRIGHT_NITOR;GAS_REMOVER;TTENCH_AUTO_SMELT;FOCUS_SMELT;FOCUS_ENDER_CHEST,,2,1,24xIgnis;21xLucrum;18xMetallum;15xMeto;12xMessis;9xPerfodio;6xTerra;3xSensus,,,,13,15
TT_CATEGORY,Wand Focus: Mending,FOCUS_HEAL,FOCUS_DEFLECT,INFUSION,,0,0,15xSano;15xVictus;12xPraecantatio;9xSpiritus;6xCognitio,,,,-6,-4
TT_CATEGORY,Black Hole Ring,BLOCK_TALISMAN,ICHOR_PICK_GEM;ICHOR_SHOVEL_GEM,WARP;RESEARCH;ENCHANT;NODES;RESEARCHDUPE;ORE;ASPECTS;KNOWFRAG;RESEARCHER2;CRIMSON;NODEJAR;RESEARCHER1;NODETAPPER2;DECONSTRUCTOR;NODETAPPER1;THAUMONOMICON;PLANTS;NODEPRESERVE;PECH;NODESTABILIZER;WANDPEDFOC;VAMPBAT;ROD_bone;BASICTHAUMATURGY;FOCUSEXCAVATION;SCEPTRE;ROD_quartz_staff;FOCUSHELLBAT;VISCHARGERELAY;ROD_ice;NODESTABILIZERADV;ROD_reed;ROD_greatwood_staff;ROD_silverwood_staff;FOCUSFROST;VISAMULET;FOCALMANIPULATION;FOCUSFIRE;CAP_gold;ROD_silverwood;VISPOWER;FOCUSPOUCH;CAP_copper;ROD_reed_staff;FOCUSSHOCK;CAP_silver;ROD_quartz;FOCUSWARDING;ROD_obsidian;FOCUSPORTABLEHOLE;CAP_thaumium;ROD_greatwood;ROD_blaze;ROD_bone_staff;ROD_obsidian_staff;FOCUSTRADE;ROD_ice_staff;WANDPED;ROD_blaze_staff;ALUMENTUM;BATHSALTS;CRUCIBLE;ENTROPICPROCESSING;TRANSIRON;THAUMATORIUM;ALCHEMICALMANUFACTURE;LIQUIDDEATH;TUBES;TRANSTIN;SANESOAP;ETHEREALBLOOM;TALLOW;PURESILVER;PURETIN;TRANSCOPPER;ESSENTIACRYSTAL;ARCANESPA;CENTRIFUGE;TRANSSILVER;PUREIRON;ALCHEMICALDUPLICATION;JARVOID;NITOR;BOTTLETAINT;PUREGOLD;DISTILESSENTIA;PHIAL;TUBEFILTER;PURELEAD;THAUMIUM;TRANSLEAD;TRANSGOLD;PURECOPPER;JARLABEL;RUNICEMERGENCY;GOGGLES;ENCHFABRIC;ELEMENTALPICK;ELEMENTALAXE;TABLE;INFERNALFURNACE;BANNERS;ELEMENTALSHOVEL;LEVITATOR;HOVERGIRDLE;WARDEDARCANA;BASICARTIFACE;FLUXSCRUB;THAUMOMETER;BOOTSTRAVELLER;RESTABLE;MIRRORESSENTIA;PRIMALARROW;ARCANEEAR;GRATE;RUNICCHARGED;RUNICHEALING;HOVERHARNESS;MIRROR;ALCHGRATE;LAMPGROWTH;MASKGRINNINGDEVIL;ELEMENTALHOE;MIRRORHAND;ARCTABLE;INFUSION;RUNICKINETIC;PAVEWARD;MASKANGRYGHOST;MASKSIPPINGFIEND;ARCANELAMP;ARMORFORTRESS;BELLOWS;HELMGOGGLES;RUNICARMOR;RUNICAUGMENTATION;LAMPFERTILITY;BONEBOW;ARCANESTONE;SINSTONE;ELEMENTALSWORD;PAVETRAVEL;JARBRAIN;ARCANEBORE;INFUSIONENCHANTMENT;GOLEMCLAY;UPGRADEWATER;HUNGRYCHEST;GOLEMTALLOW;GOLEMWOOD;GOLEMFLESH;UPGRADEEARTH;TINYDART;UPGRADEFIRE;UPGRADEENTROPY;COREUSE;TINYHAMMER;TRAVELTRUNK;TINYBOWTIE;GOLEMBELL;CORESORTING;GOLEMTHAUMIUM;TINYHAT;TINYFEZ;CORELUMBER;TINYGLASSES;TINYVISOR;UPGRADEAIR;COREFISHING;COREGATHER;COREHARVEST;COREBUTCHER;COREGUARD;ADVANCEDGOLEM;TINYARMOR;COREFILL;GOLEMFETTER;GOLEMSTRAW;COREALCHEMY;GOLEMSTONE;GOLEMIRON;CORELIQUID;COREEMPTY;UPGRADEORDER;FOCUS_TELEKINESIS;TTENCH_VAMPIRISM;TTENCH_VALIANCE;TTENCH_SHOCKWAVE;TTENCH_FINAL;TTENCH_ASCENT_BOOST;TTENCH_DISPERSED;TTENCH_SLOW_FALL;TTENCH_FOCUSED;TTENCH_SHATTER;TTENCH_QUICK_DRAW;TTENCH_POUNCE;TTENCH_DESINTEGRATE;TTENCH_AUTO_SMELT;TTENCH_TUNNEL;FOCUS_ENDER_CHEST,,3,3,15xVacuos;12xTenebrae;9xAlienis;6xPraecantatio;3xSpiritus,,,,14,17
TT_CATEGORY,Kinetic Attraction,MAGNETS,INTERFACE,FOCUS_TELEKINESIS,,1,1,15xBestia;15xMachina;12xMotus;9xSensus;6xOrdo;3xSpiritus,,,,-6,3
TT_CATEGORY,Wand Focus: Telekinesis,FOCUS_TELEKINESIS,FOCUS_FLIGHT,INFUSION,,0,0,15xAlienis;15xMotus;12xPraecantatio;9xCognitio;6xLucrum,,,,-4,-6
TT_CATEGORY,Infused Potions,INFUSEDPOTIONS,INFUSION;INFUSEDSEED,,,1,1,15xAuram;12xIgnis;9xAer;9xAqua;9xTerra,,,,9,-5
TT_CATEGORY,Enchantment: Vampirism,TTENCH_VAMPIRISM,ENCHANTER,,,0,0,15xFames;12xTelum;9xPraecantatio;6xAuram;3xLucrum,,,,3,5
TT_CATEGORY,Boots of the Horizontal Shield,ICHORCLOTH_BOOTS_GEM,ICHORCLOTH_ARMOR,WARP;RESEARCH;ENCHANT;NODES;RESEARCHDUPE;ORE;ASPECTS;KNOWFRAG;RESEARCHER2;CRIMSON;NODEJAR;RESEARCHER1;NODETAPPER2;DECONSTRUCTOR;NODETAPPER1;THAUMONOMICON;PLANTS;NODEPRESERVE;PECH;NODESTABILIZER;WANDPEDFOC;VAMPBAT;ROD_bone;BASICTHAUMATURGY;FOCUSEXCAVATION;SCEPTRE;ROD_quartz_staff;FOCUSHELLBAT;VISCHARGERELAY;ROD_ice;NODESTABILIZERADV;ROD_reed;ROD_greatwood_staff;ROD_silverwood_staff;FOCUSFROST;VISAMULET;FOCALMANIPULATION;FOCUSFIRE;CAP_gold;ROD_silverwood;VISPOWER;FOCUSPOUCH;CAP_copper;ROD_reed_staff;FOCUSSHOCK;CAP_silver;ROD_quartz;FOCUSWARDING;ROD_obsidian;FOCUSPORTABLEHOLE;CAP_thaumium;ROD_greatwood;ROD_blaze;ROD_bone_staff;ROD_obsidian_staff;FOCUSTRADE;ROD_ice_staff;WANDPED;ROD_blaze_staff;ALUMENTUM;BATHSALTS;CRUCIBLE;ENTROPICPROCESSING;TRANSIRON;THAUMATORIUM;ALCHEMICALMANUFACTURE;LIQUIDDEATH;TUBES;TRANSTIN;SANESOAP;ETHEREALBLOOM;TALLOW;PURESILVER;PURETIN;TRANSCOPPER;ESSENTIACRYSTAL;ARCANESPA;CENTRIFUGE;TRANSSILVER;PUREIRON;ALCHEMICALDUPLICATION;JARVOID;NITOR;BOTTLETAINT;PUREGOLD;DISTILESSENTIA;PHIAL;TUBEFILTER;PURELEAD;THAUMIUM;TRANSLEAD;TRANSGOLD;PURECOPPER;JARLABEL;RUNICEMERGENCY;GOGGLES;ENCHFABRIC;ELEMENTALPICK;ELEMENTALAXE;TABLE;INFERNALFURNACE;BANNERS;ELEMENTALSHOVEL;LEVITATOR;HOVERGIRDLE;WARDEDARCANA;BASICARTIFACE;FLUXSCRUB;THAUMOMETER;BOOTSTRAVELLER;RESTABLE;MIRRORESSENTIA;PRIMALARROW;ARCANEEAR;GRATE;RUNICCHARGED;RUNICHEALING;HOVERHARNESS;MIRROR;ALCHGRATE;LAMPGROWTH;MASKGRINNINGDEVIL;ELEMENTALHOE;MIRRORHAND;ARCTABLE;INFUSION;RUNICKINETIC;PAVEWARD;MASKANGRYGHOST;MASKSIPPINGFIEND;ARCANELAMP;ARMORFORTRESS;BELLOWS;HELMGOGGLES;RUNICARMOR;RUNICAUGMENTATION;LAMPFERTILITY;BONEBOW;ARCANESTONE;SINSTONE;ELEMENTALSWORD;PAVETRAVEL;JARBRAIN;ARCANEBORE;INFUSIONENCHANTMENT;GOLEMCLAY;UPGRADEWATER;HUNGRYCHEST;GOLEMTALLOW;GOLEMWOOD;GOLEMFLESH;UPGRADEEARTH;TINYDART;UPGRADEFIRE;UPGRADEENTROPY;COREUSE;TINYHAMMER;TRAVELTRUNK;TINYBOWTIE;GOLEMBELL;CORESORTING;GOLEMTHAUMIUM;TINYHAT;TINYFEZ;CORELUMBER;TINYGLASSES;TINYVISOR;UPGRADEAIR;COREFISHING;COREGATHER;COREHARVEST;COREBUTCHER;COREGUARD;ADVANCEDGOLEM;TINYARMOR;COREFILL;GOLEMFETTER;GOLEMSTRAW;COREALCHEMY;GOLEMSTONE;GOLEMIRON;CORELIQUID;COREEMPTY;UPGRADEORDER;TTENCH_VALIANCE;TTENCH_SHOCKWAVE;TTENCH_ASCENT_BOOST;TTENCH_DISPERSED;FOCUS_DEFLECT;TTENCH_SLOW_FALL;TTENCH_FOCUSED;TTENCH_SHATTER;TTENCH_TUNNEL;FOCUS_HEAL;FOCUS_TELEKINESIS;TTENCH_VAMPIRISM;TTENCH_FINAL;CLEANSING_TALISMAN;REVEALING_HELM;TTENCH_QUICK_DRAW;TTENCH_POUNCE;TTENCH_DESINTEGRATE;TTENCH_AUTO_SMELT;FOCUS_ENDER_CHEST,,2,2,24xTerra;21xIter;18xPerfodio;15xHerba;12xLux;9xMotus;6xCognitio;3xTutamen,,,,15,10
TT_CATEGORY,Talisman of Remedium,CLEANSING_TALISMAN,DARKQUARTZ;INFUSION;RUNICARMOR,INFUSION,,0,0,15xSano;12xOrdo;9xMortuus;6xVictus;3xPraecantatio,,,,-3,4
TT_CATEGORY,Elemental Fire: Ignis,FIREIGNIS,INFUSION;BRIGHT_NITOR;ELDRITCHMINOR,,,5,5,15xIgnis;12xLux;9xAer;3xPraecantatio,,,,4,-4
TT_CATEGORY,Spellbinding Cloth,SPELL_CLOTH,INFUSION,ENCHFABRIC,,0,0,12xPraecantatio;9xPannus;6xAuram;3xAlienis,,,,3,2
TT_CATEGORY,Celestial Gateway,WARP_GATE,ICHORCLOTH_CHEST_GEM,ICHORCLOTH_BOOTS_GEM;WARP;RESEARCH;ENCHANT;NODES;RESEARCHDUPE;ORE;ASPECTS;KNOWFRAG;RESEARCHER2;CRIMSON;NODEJAR;RESEARCHER1;NODETAPPER2;DECONSTRUCTOR;NODETAPPER1;THAUMONOMICON;PLANTS;NODEPRESERVE;PECH;NODESTABILIZER;WANDPEDFOC;VAMPBAT;ROD_bone;BASICTHAUMATURGY;FOCUSEXCAVATION;SCEPTRE;ROD_quartz_staff;FOCUSHELLBAT;VISCHARGERELAY;ROD_ice;NODESTABILIZERADV;ROD_reed;ROD_greatwood_staff;ROD_silverwood_staff;FOCUSFROST;VISAMULET;FOCALMANIPULATION;FOCUSFIRE;CAP_gold;ROD_silverwood;VISPOWER;FOCUSPOUCH;CAP_copper;ROD_reed_staff;FOCUSSHOCK;CAP_silver;ROD_quartz;FOCUSWARDING;ROD_obsidian;FOCUSPORTABLEHOLE;CAP_thaumium;ROD_greatwood;ROD_blaze;ROD_bone_staff;ROD_obsidian_staff;FOCUSTRADE;ROD_ice_staff;WANDPED;ROD_blaze_staff;ALUMENTUM;BATHSALTS;CRUCIBLE;ENTROPICPROCESSING;TRANSIRON;THAUMATORIUM;ALCHEMICALMANUFACTURE;LIQUIDDEATH;TUBES;TRANSTIN;SANESOAP;ETHEREALBLOOM;TALLOW;PURESILVER;PURETIN;TRANSCOPPER;ESSENTIACRYSTAL;ARCANESPA;CENTRIFUGE;TRANSSILVER;PUREIRON;ALCHEMICALDUPLICATION;JARVOID;NITOR;BOTTLETAINT;PUREGOLD;DISTILESSENTIA;PHIAL;TUBEFILTER;PURELEAD;THAUMIUM;TRANSLEAD;TRANSGOLD;PURECOPPER;JARLABEL;RUNICEMERGENCY;GOGGLES;ENCHFABRIC;ELEMENTALPICK;ELEMENTALAXE;TABLE;INFERNALFURNACE;BANNERS;ELEMENTALSHOVEL;LEVITATOR;HOVERGIRDLE;WARDEDARCANA;BASICARTIFACE;FLUXSCRUB;THAUMOMETER;BOOTSTRAVELLER;RESTABLE;MIRRORESSENTIA;PRIMALARROW;ARCANEEAR;GRATE;RUNICCHARGED;RUNICHEALING;HOVERHARNESS;MIRROR;ALCHGRATE;LAMPGROWTH;MASKGRINNINGDEVIL;ELEMENTALHOE;MIRRORHAND;ARCTABLE;INFUSION;RUNICKINETIC;PAVEWARD;MASKANGRYGHOST;MASKSIPPINGFIEND;ARCANELAMP;ARMORFORTRESS;BELLOWS;HELMGOGGLES;RUNICARMOR;RUNICAUGMENTATION;LAMPFERTILITY;BONEBOW;ARCANESTONE;SINSTONE;ELEMENTALSWORD;PAVETRAVEL;JARBRAIN;ARCANEBORE;INFUSIONENCHANTMENT;GOLEMCLAY;UPGRADEWATER;HUNGRYCHEST;GOLEMTALLOW;GOLEMWOOD;GOLEMFLESH;UPGRADEEARTH;TINYDART;UPGRADEFIRE;UPGRADEENTROPY;COREUSE;TINYHAMMER;TRAVELTRUNK;TINYBOWTIE;GOLEMBELL;CORESORTING;GOLEMTHAUMIUM;TINYHAT;TINYFEZ;CORELUMBER;TINYGLASSES;TINYVISOR;UPGRADEAIR;COREFISHING;COREGATHER;COREHARVEST;COREBUTCHER;COREGUARD;ADVANCEDGOLEM;TINYARMOR;COREFILL;GOLEMFETTER;GOLEMSTRAW;COREALCHEMY;GOLEMSTONE;GOLEMIRON;CORELIQUID;COREEMPTY;UPGRADEORDER;TTENCH_VALIANCE;TTENCH_SHOCKWAVE;FOCUS_DEFLECT;GASEOUS_SHADOW;TTENCH_FOCUSED;REPAIRER;SUMMON;FOCUS_FLIGHT;FOCUS_HEAL;FOCUS_TELEKINESIS;TTENCH_VAMPIRISM;CLEANSING_TALISMAN;SPELL_CLOTH;XP_TALISMAN;TTENCH_QUICK_DRAW;TTENCH_POUNCE;TTENCH_DESINTEGRATE;TTENCH_ASCENT_BOOST;TTENCH_DISPERSED;TTENCH_SLOW_FALL;TTENCH_SHATTER;FOCUS_DISLOCATION;TTENCH_TUNNEL;GASEOUS_LIGHT;BLOOD_SWORD;TTENCH_FINAL;REVEALING_HELM;BRIGHT_NITOR;FUNNEL;GAS_REMOVER;TTENCH_AUTO_SMELT;FOCUS_SMELT;FOCUS_ENDER_CHEST,,2,2,18xIter;15xVolatus;12xAlienis;9xMachina;6xVitreus;3xAer,,,,19,6
TT_CATEGORY,Talisman of Withhold,XP_TALISMAN,JARBRAIN;SPELL_CLOTH,INFUSION,,0,0,15xLucrum;12xPraecantatio;9xHumanus;6xAuram;3xMachina,,,,4,-1
TT_CATEGORY,Enchantment: Quick Draw,TTENCH_QUICK_DRAW,ENCHANTER,,,0,0,15xTelum;12xSensus;9xPraecantatio;6xAuram;3xMotus,,,,4,6
TT_CATEGORY,Enchantment: Pounce,TTENCH_POUNCE,TTENCH_ASCENT_BOOST,,,0,0,15xAer;15xOrdo;12xTutamen;9xPraecantatio;6xAuram;3xVolatus,,,,7,0
TT_CATEGORY,Leggings of the Burning Mantle,ICHORCLOTH_LEGS_GEM,ICHORCLOTH_ARMOR,WARP;RESEARCH;ENCHANT;NODES;RESEARCHDUPE;ORE;ASPECTS;KNOWFRAG;RESEARCHER2;CRIMSON;NODEJAR;RESEARCHER1;NODETAPPER2;DECONSTRUCTOR;NODETAPPER1;THAUMONOMICON;PLANTS;NODEPRESERVE;PECH;NODESTABILIZER;WANDPEDFOC;VAMPBAT;ROD_bone;BASICTHAUMATURGY;FOCUSEXCAVATION;SCEPTRE;ROD_quartz_staff;FOCUSHELLBAT;VISCHARGERELAY;ROD_ice;NODESTABILIZERADV;ROD_reed;ROD_greatwood_staff;ROD_silverwood_staff;FOCUSFROST;VISAMULET;FOCALMANIPULATION;FOCUSFIRE;CAP_gold;ROD_silverwood;VISPOWER;FOCUSPOUCH;CAP_copper;ROD_reed_staff;FOCUSSHOCK;CAP_silver;ROD_quartz;FOCUSWARDING;ROD_obsidian;FOCUSPORTABLEHOLE;CAP_thaumium;ROD_greatwood;ROD_blaze;ROD_bone_staff;ROD_obsidian_staff;FOCUSTRADE;ROD_ice_staff;WANDPED;ROD_blaze_staff;ALUMENTUM;BATHSALTS;CRUCIBLE;ENTROPICPROCESSING;TRANSIRON;THAUMATORIUM;ALCHEMICALMANUFACTURE;LIQUIDDEATH;TUBES;TRANSTIN;SANESOAP;ETHEREALBLOOM;TALLOW;PURESILVER;PURETIN;TRANSCOPPER;ESSENTIACRYSTAL;ARCANESPA;CENTRIFUGE;TRANSSILVER;PUREIRON;ALCHEMICALDUPLICATION;JARVOID;NITOR;BOTTLETAINT;PUREGOLD;DISTILESSENTIA;PHIAL;TUBEFILTER;PURELEAD;THAUMIUM;TRANSLEAD;TRANSGOLD;PURECOPPER;JARLABEL;RUNICEMERGENCY;GOGGLES;ENCHFABRIC;ELEMENTALPICK;ELEMENTALAXE;TABLE;INFERNALFURNACE;BANNERS;ELEMENTALSHOVEL;LEVITATOR;HOVERGIRDLE;WARDEDARCANA;BASICARTIFACE;FLUXSCRUB;THAUMOMETER;BOOTSTRAVELLER;RESTABLE;MIRRORESSENTIA;PRIMALARROW;ARCANEEAR;GRATE;RUNICCHARGED;RUNICHEALING;HOVERHARNESS;MIRROR;ALCHGRATE;LAMPGROWTH;MASKGRINNINGDEVIL;ELEMENTALHOE;MIRRORHAND;ARCTABLE;INFUSION;RUNICKINETIC;PAVEWARD;MASKANGRYGHOST;MASKSIPPINGFIEND;ARCANELAMP;ARMORFORTRESS;BELLOWS;HELMGOGGLES;RUNICARMOR;RUNICAUGMENTATION;LAMPFERTILITY;BONEBOW;ARCANESTONE;SINSTONE;ELEMENTALSWORD;PAVETRAVEL;JARBRAIN;ARCANEBORE;INFUSIONENCHANTMENT;GOLEMCLAY;UPGRADEWATER;HUNGRYCHEST;GOLEMTALLOW;GOLEMWOOD;GOLEMFLESH;UPGRADEEARTH;TINYDART;UPGRADEFIRE;UPGRADEENTROPY;COREUSE;TINYHAMMER;TRAVELTRUNK;TINYBOWTIE;GOLEMBELL;CORESORTING;GOLEMTHAUMIUM;TINYHAT;TINYFEZ;CORELUMBER;TINYGLASSES;TINYVISOR;UPGRADEAIR;COREFISHING;COREGATHER;COREHARVEST;COREBUTCHER;COREGUARD;ADVANCEDGOLEM;TINYARMOR;COREFILL;GOLEMFETTER;GOLEMSTRAW;COREALCHEMY;GOLEMSTONE;GOLEMIRON;CORELIQUID;COREEMPTY;UPGRADEORDER;FOCUS_TELEKINESIS;TTENCH_VAMPIRISM;TTENCH_VALIANCE;TTENCH_SHOCKWAVE;TTENCH_FINAL;TTENCH_ASCENT_BOOST;TTENCH_DISPERSED;TTENCH_SLOW_FALL;TTENCH_FOCUSED;TTENCH_SHATTER;TTENCH_QUICK_DRAW;TTENCH_POUNCE;TTENCH_DESINTEGRATE;TTENCH_AUTO_SMELT;TTENCH_TUNNEL;FOCUS_ENDER_CHEST,,2,2,24xIgnis;21xSano;18xLucrum;15xPotentia;12xAlienis;9xAer;6xLux;3xTutamen,,,,17,9
TT_CATEGORY,Infused Crops,INFUSEDSEED,INFUSION;FIREIGNIS;FIREAQUA;FIRETERRA;FIREAER;FIREORDO;FIREPERDITIO,,,1,1,15xPerditio;12xLux;9xAer;3xPraecantatio,,,,7,-5
TT_CATEGORY,Transvector Dislocator,DISLOCATOR,INTERFACE,MIRROR,,0,0,15xCognitio;12xOrdo;9xPerditio;6xPotentia;3xAqua,,,,-6,1
TT_CATEGORY,Dimensional Shards,DIMENSIONSHARDS,INFUSION,,,0,0,15xInfernus;15xLuxuria;15xSuperbia;12xGula;9xInvidia;6xDesidia;3xIra,,,,7,8
TT_CATEGORY,Enchantment: Disintegrate,TTENCH_DESINTEGRATE,ENCHANTER,,,0,0,15xVacuos;12xPerditio;9xPraecantatio;6xAuram;3xTempus,,,,6,6
TT_CATEGORY,Awakened Ichorium Sword,ICHOR_SWORD_GEM,ICHOR_TOOLS,WARP;RESEARCH;ENCHANT;NODES;RESEARCHDUPE;ORE;ASPECTS;KNOWFRAG;RESEARCHER2;CRIMSON;NODEJAR;RESEARCHER1;NODETAPPER2;DECONSTRUCTOR;NODETAPPER1;THAUMONOMICON;PLANTS;NODEPRESERVE;PECH;NODESTABILIZER;WANDPEDFOC;VAMPBAT;ROD_bone;BASICTHAUMATURGY;FOCUSEXCAVATION;SCEPTRE;ROD_quartz_staff;FOCUSHELLBAT;VISCHARGERELAY;ROD_ice;NODESTABILIZERADV;ROD_reed;ROD_greatwood_staff;ROD_silverwood_staff;FOCUSFROST;VISAMULET;FOCALMANIPULATION;FOCUSFIRE;CAP_gold;ROD_silverwood;VISPOWER;FOCUSPOUCH;CAP_copper;ROD_reed_staff;FOCUSSHOCK;CAP_silver;ROD_quartz;FOCUSWARDING;ROD_obsidian;FOCUSPORTABLEHOLE;CAP_thaumium;ROD_greatwood;ROD_blaze;ROD_bone_staff;ROD_obsidian_staff;FOCUSTRADE;ROD_ice_staff;WANDPED;ROD_blaze_staff;ALUMENTUM;BATHSALTS;CRUCIBLE;ENTROPICPROCESSING;TRANSIRON;THAUMATORIUM;ALCHEMICALMANUFACTURE;LIQUIDDEATH;TUBES;TRANSTIN;SANESOAP;ETHEREALBLOOM;TALLOW;PURESILVER;PURETIN;TRANSCOPPER;ESSENTIACRYSTAL;ARCANESPA;CENTRIFUGE;TRANSSILVER;PUREIRON;ALCHEMICALDUPLICATION;JARVOID;NITOR;BOTTLETAINT;PUREGOLD;DISTILESSENTIA;PHIAL;TUBEFILTER;PURELEAD;THAUMIUM;TRANSLEAD;TRANSGOLD;PURECOPPER;JARLABEL;RUNICEMERGENCY;GOGGLES;ENCHFABRIC;ELEMENTALPICK;ELEMENTALAXE;TABLE;INFERNALFURNACE;BANNERS;ELEMENTALSHOVEL;LEVITATOR;HOVERGIRDLE;WARDEDARCANA;BASICARTIFACE;FLUXSCRUB;THAUMOMETER;BOOTSTRAVELLER;RESTABLE;MIRRORESSENTIA;PRIMALARROW;ARCANEEAR;GRATE;RUNICCHARGED;RUNICHEALING;HOVERHARNESS;MIRROR;ALCHGRATE;LAMPGROWTH;MASKGRINNINGDEVIL;ELEMENTALHOE;MIRRORHAND;ARCTABLE;INFUSION;RUNICKINETIC;PAVEWARD;MASKANGRYGHOST;MASKSIPPINGFIEND;ARCANELAMP;ARMORFORTRESS;BELLOWS;HELMGOGGLES;RUNICARMOR;RUNICAUGMENTATION;LAMPFERTILITY;BONEBOW;ARCANESTONE;SINSTONE;ELEMENTALSWORD;PAVETRAVEL;JARBRAIN;ARCANEBORE;INFUSIONENCHANTMENT;GOLEMCLAY;UPGRADEWATER;HUNGRYCHEST;GOLEMTALLOW;GOLEMWOOD;GOLEMFLESH;UPGRADEEARTH;TINYDART;UPGRADEFIRE;UPGRADEENTROPY;COREUSE;TINYHAMMER;TRAVELTRUNK;TINYBOWTIE;GOLEMBELL;CORESORTING;GOLEMTHAUMIUM;TINYHAT;TINYFEZ;CORELUMBER;TINYGLASSES;TINYVISOR;UPGRADEAIR;COREFISHING;COREGATHER;COREHARVEST;COREBUTCHER;COREGUARD;ADVANCEDGOLEM;TINYARMOR;COREFILL;GOLEMFETTER;GOLEMSTRAW;COREALCHEMY;GOLEMSTONE;GOLEMIRON;CORELIQUID;COREEMPTY;UPGRADEORDER;TTENCH_VALIANCE;TTENCH_SHOCKWAVE;TTENCH_ASCENT_BOOST;TTENCH_DISPERSED;FOCUS_DEFLECT;GASEOUS_SHADOW;TTENCH_SLOW_FALL;TTENCH_FOCUSED;TTENCH_SHATTER;FOCUS_DISLOCATION;FOCUS_FLIGHT;TTENCH_TUNNEL;FOCUS_HEAL;FOCUS_TELEKINESIS;GASEOUS_LIGHT;TTENCH_VAMPIRISM;BLOOD_SWORD;TTENCH_FINAL;CLEANSING_TALISMAN;REVEALING_HELM;SPELL_CLOTH;XP_TALISMAN;BRIGHT_NITOR;TTENCH_QUICK_DRAW;TTENCH_POUNCE;TTENCH_DESINTEGRATE;GAS_REMOVER;TTENCH_AUTO_SMELT;FOCUS_SMELT;FOCUS_ENDER_CHEST,,2,1,21xAer;18xFames;15xOrdo;12xPotentia;9xSpiritus;6xTelum;3xVitreus,,,,16,12
TT_CATEGORY,Bottomless Pouch,ICHOR_POUCH,ICHOR_CLOTH,WARP;RESEARCH;ENCHANT;NODES;RESEARCHDUPE;ORE;ASPECTS;KNOWFRAG;RESEARCHER2;CRIMSON;NODEJAR;RESEARCHER1;NODETAPPER2;DECONSTRUCTOR;NODETAPPER1;THAUMONOMICON;PLANTS;NODEPRESERVE;PECH;NODESTABILIZER;WANDPEDFOC;VAMPBAT;ROD_bone;BASICTHAUMATURGY;FOCUSEXCAVATION;SCEPTRE;ROD_quartz_staff;FOCUSHELLBAT;VISCHARGERELAY;ROD_ice;NODESTABILIZERADV;ROD_reed;ROD_greatwood_staff;ROD_silverwood_staff;FOCUSFROST;VISAMULET;FOCALMANIPULATION;FOCUSFIRE;CAP_gold;ROD_silverwood;VISPOWER;FOCUSPOUCH;CAP_copper;ROD_reed_staff;FOCUSSHOCK;CAP_silver;ROD_quartz;FOCUSWARDING;ROD_obsidian;FOCUSPORTABLEHOLE;CAP_thaumium;ROD_greatwood;ROD_blaze;ROD_bone_staff;ROD_obsidian_staff;FOCUSTRADE;ROD_ice_staff;WANDPED;ROD_blaze_staff;ALUMENTUM;BATHSALTS;CRUCIBLE;ENTROPICPROCESSING;TRANSIRON;THAUMATORIUM;ALCHEMICALMANUFACTURE;LIQUIDDEATH;TUBES;TRANSTIN;SANESOAP;ETHEREALBLOOM;TALLOW;PURESILVER;PURETIN;TRANSCOPPER;ESSENTIACRYSTAL;ARCANESPA;CENTRIFUGE;TRANSSILVER;PUREIRON;ALCHEMICALDUPLICATION;JARVOID;NITOR;BOTTLETAINT;PUREGOLD;DISTILESSENTIA;PHIAL;TUBEFILTER;PURELEAD;THAUMIUM;TRANSLEAD;TRANSGOLD;PURECOPPER;JARLABEL;RUNICEMERGENCY;GOGGLES;ENCHFABRIC;ELEMENTALPICK;ELEMENTALAXE;TABLE;INFERNALFURNACE;BANNERS;ELEMENTALSHOVEL;LEVITATOR;HOVERGIRDLE;WARDEDARCANA;BASICARTIFACE;FLUXSCRUB;THAUMOMETER;BOOTSTRAVELLER;RESTABLE;MIRRORESSENTIA;PRIMALARROW;ARCANEEAR;GRATE;RUNICCHARGED;RUNICHEALING;HOVERHARNESS;MIRROR;ALCHGRATE;LAMPGROWTH;MASKGRINNINGDEVIL;ELEMENTALHOE;MIRRORHAND;ARCTABLE;INFUSION;RUNICKINETIC;PAVEWARD;MASKANGRYGHOST;MASKSIPPINGFIEND;ARCANELAMP;ARMORFORTRESS;BELLOWS;HELMGOGGLES;RUNICARMOR;RUNICAUGMENTATION;LAMPFERTILITY;BONEBOW;ARCANESTONE;SINSTONE;ELEMENTALSWORD;PAVETRAVEL;JARBRAIN;ARCANEBORE;INFUSIONENCHANTMENT;GOLEMCLAY;UPGRADEWATER;HUNGRYCHEST;GOLEMTALLOW;GOLEMWOOD;GOLEMFLESH;UPGRADEEARTH;TINYDART;UPGRADEFIRE;UPGRADEENTROPY;COREUSE;TINYHAMMER;TRAVELTRUNK;TINYBOWTIE;GOLEMBELL;CORESORTING;GOLEMTHAUMIUM;TINYHAT;TINYFEZ;CORELUMBER;TINYGLASSES;TINYVISOR;UPGRADEAIR;COREFISHING;COREGATHER;COREHARVEST;COREBUTCHER;COREGUARD;ADVANCEDGOLEM;TINYARMOR;COREFILL;GOLEMFETTER;GOLEMSTRAW;COREALCHEMY;GOLEMSTONE;GOLEMIRON;CORELIQUID;COREEMPTY;UPGRADEORDER;TTENCH_VALIANCE;TTENCH_SHOCKWAVE;TTENCH_ASCENT_BOOST;TTENCH_DISPERSED;FOCUS_DEFLECT;GASEOUS_SHADOW;TTENCH_SLOW_FALL;TTENCH_FOCUSED;TTENCH_SHATTER;FOCUS_DISLOCATION;TTENCH_TUNNEL;FOCUS_HEAL;FOCUS_TELEKINESIS;GASEOUS_LIGHT;TTENCH_VAMPIRISM;TTENCH_FINAL;CLEANSING_TALISMAN;REVEALING_HELM;SPELL_CLOTH;BRIGHT_NITOR;TTENCH_QUICK_DRAW;TTENCH_POUNCE;TTENCH_DESINTEGRATE;TTENCH_AUTO_SMELT;FOCUS_ENDER_CHEST,,2,1,15xVacuos;15xPannus;12xAlienis;9xHumanus;6xMotus;3xAer,,,,13,6
TT_CATEGORY,Osmotic Enchanter,ENCHANTER,SPELL_CLOTH;ENCHANTINGTABLE;INFUSION,INFUSION,,2,1,15xAlienis;15xPraecantatio;12xAuram;12xTenebrae;9xVacuos;6xCognitio;3xTerra,,,,5,4
TT_CATEGORY,Tome of Knowledge Sharing,SHARETOME,INFUSION,,,0,0,15xCognitio;12xPraecantatio;9xPermutatio;6xInstrumentum;3xTerra,,,,0,-1
TT_CATEGORY,Cowl of the Abyssal Depths,ICHORCLOTH_HELM_GEM,ICHORCLOTH_ARMOR,WARP;RESEARCH;ENCHANT;NODES;RESEARCHDUPE;ORE;ASPECTS;KNOWFRAG;RESEARCHER2;CRIMSON;NODEJAR;RESEARCHER1;NODETAPPER2;DECONSTRUCTOR;NODETAPPER1;THAUMONOMICON;PLANTS;NODEPRESERVE;PECH;NODESTABILIZER;WANDPEDFOC;VAMPBAT;ROD_bone;BASICTHAUMATURGY;FOCUSEXCAVATION;SCEPTRE;ROD_quartz_staff;FOCUSHELLBAT;VISCHARGERELAY;ROD_ice;NODESTABILIZERADV;ROD_reed;ROD_greatwood_staff;ROD_silverwood_staff;FOCUSFROST;VISAMULET;FOCALMANIPULATION;FOCUSFIRE;CAP_gold;ROD_silverwood;VISPOWER;FOCUSPOUCH;CAP_copper;ROD_reed_staff;FOCUSSHOCK;CAP_silver;ROD_quartz;FOCUSWARDING;ROD_obsidian;FOCUSPORTABLEHOLE;CAP_thaumium;ROD_greatwood;ROD_blaze;ROD_bone_staff;ROD_obsidian_staff;FOCUSTRADE;ROD_ice_staff;WANDPED;ROD_blaze_staff;ALUMENTUM;BATHSALTS;CRUCIBLE;ENTROPICPROCESSING;TRANSIRON;THAUMATORIUM;ALCHEMICALMANUFACTURE;LIQUIDDEATH;TUBES;TRANSTIN;SANESOAP;ETHEREALBLOOM;TALLOW;PURESILVER;PURETIN;TRANSCOPPER;ESSENTIACRYSTAL;ARCANESPA;CENTRIFUGE;TRANSSILVER;PUREIRON;ALCHEMICALDUPLICATION;JARVOID;NITOR;BOTTLETAINT;PUREGOLD;DISTILESSENTIA;PHIAL;TUBEFILTER;PURELEAD;THAUMIUM;TRANSLEAD;TRANSGOLD;PURECOPPER;JARLABEL;RUNICEMERGENCY;GOGGLES;ENCHFABRIC;ELEMENTALPICK;ELEMENTALAXE;TABLE;INFERNALFURNACE;BANNERS;ELEMENTALSHOVEL;LEVITATOR;HOVERGIRDLE;WARDEDARCANA;BASICARTIFACE;FLUXSCRUB;THAUMOMETER;BOOTSTRAVELLER;RESTABLE;MIRRORESSENTIA;PRIMALARROW;ARCANEEAR;GRATE;RUNICCHARGED;RUNICHEALING;HOVERHARNESS;MIRROR;ALCHGRATE;LAMPGROWTH;MASKGRINNINGDEVIL;ELEMENTALHOE;MIRRORHAND;ARCTABLE;INFUSION;RUNICKINETIC;PAVEWARD;MASKANGRYGHOST;MASKSIPPINGFIEND;ARCANELAMP;ARMORFORTRESS;BELLOWS;HELMGOGGLES;RUNICARMOR;RUNICAUGMENTATION;LAMPFERTILITY;BONEBOW;ARCANESTONE;SINSTONE;ELEMENTALSWORD;PAVETRAVEL;JARBRAIN;ARCANEBORE;INFUSIONENCHANTMENT;GOLEMCLAY;UPGRADEWATER;HUNGRYCHEST;GOLEMTALLOW;GOLEMWOOD;GOLEMFLESH;UPGRADEEARTH;TINYDART;UPGRADEFIRE;UPGRADEENTROPY;COREUSE;TINYHAMMER;TRAVELTRUNK;TINYBOWTIE;GOLEMBELL;CORESORTING;GOLEMTHAUMIUM;TINYHAT;TINYFEZ;CORELUMBER;TINYGLASSES;TINYVISOR;UPGRADEAIR;COREFISHING;COREGATHER;COREHARVEST;COREBUTCHER;COREGUARD;ADVANCEDGOLEM;TINYARMOR;COREFILL;GOLEMFETTER;GOLEMSTRAW;COREALCHEMY;GOLEMSTONE;GOLEMIRON;CORELIQUID;COREEMPTY;UPGRADEORDER;TTENCH_VALIANCE;TTENCH_SHOCKWAVE;TTENCH_ASCENT_BOOST;TTENCH_DISPERSED;FOCUS_DEFLECT;TTENCH_SLOW_FALL;TTENCH_FOCUSED;TTENCH_SHATTER;TTENCH_TUNNEL;FOCUS_HEAL;FOCUS_TELEKINESIS;TTENCH_VAMPIRISM;TTENCH_FINAL;CLEANSING_TALISMAN;REVEALING_HELM;TTENCH_QUICK_DRAW;TTENCH_POUNCE;TTENCH_DESINTEGRATE;TTENCH_AUTO_SMELT;FOCUS_ENDER_CHEST,,2,2,24xAqua;21xSano;18xFames;15xAuram;12xCognitio;9xCorpus;6xLux;3xTutamen,,,,18,3
TT_CATEGORY,Enchantment: Ascent Boost,TTENCH_ASCENT_BOOST,ENCHANTER,,,0,0,15xAer;12xMotus;9xPraecantatio;6xAuram;3xTempus,,,,6,2
TT_CATEGORY,Ichorium Wand Caps,CAP_ICHOR,ICHORIUM,,,2,1,15xMetallum;15xInstrumentum;12xTenebrae;9xPraecantatio;6xLux;3xAlienis,,,,11,11
TT_CATEGORY,Enchantment: Dispersed Strikes,TTENCH_DISPERSED,TTENCH_VAMPIRISM,,,0,0,15xPerditio;15xTelum;12xPraecantatio;9xAlienis;6xAuram;3xBestia,,,,1,6
TT_CATEGORY,Enchantment: Slow Fall,TTENCH_SLOW_FALL,ENCHANTER,,,0,0,15xAer;12xMotus;9xPraecantatio;6xAuram;3xTempus,,,,7,3
TT_CATEGORY,Enchantment: Shatter,TTENCH_SHATTER,TTENCH_DESINTEGRATE,,,0,0,15xTerra;15xPerditio;12xInstrumentum;9xPraecantatio;6xAuram;3xPerfodio,,,,5,8
TT_CATEGORY,Levitational Locomotive,LEVITATOR_LOCOMOTIVE,MAGNETS,INFUSION,,0,0,15xMotus;15xOrdo;12xMachina;9xAer;6xPotentia;3xPraecantatio,,,,-7,5
TT_CATEGORY,Elemental Fire: Perditio,FIREPERDITIO,INFUSION;BRIGHT_NITOR;ELDRITCHMINOR,,,5,5,15xPerditio;12xLux;9xAer;3xPraecantatio,,,,2,-8
TT_CATEGORY,Elemental Fire: Terra,FIRETERRA,INFUSION;BRIGHT_NITOR;ELDRITCHMINOR,,,5,5,15xTerra;12xLux;9xAer;3xPraecantatio,,,,4,-6
TT_CATEGORY,Ichorcloth Robes,ICHORCLOTH_ARMOR,ICHOR_CLOTH,WARP;RESEARCH;ENCHANT;NODES;RESEARCHDUPE;ORE;ASPECTS;KNOWFRAG;RESEARCHER2;CRIMSON;NODEJAR;RESEARCHER1;NODETAPPER2;DECONSTRUCTOR;NODETAPPER1;THAUMONOMICON;PLANTS;NODEPRESERVE;PECH;NODESTABILIZER;WANDPEDFOC;VAMPBAT;ROD_bone;BASICTHAUMATURGY;FOCUSEXCAVATION;SCEPTRE;ROD_quartz_staff;FOCUSHELLBAT;VISCHARGERELAY;ROD_ice;NODESTABILIZERADV;ROD_reed;ROD_greatwood_staff;ROD_silverwood_staff;FOCUSFROST;VISAMULET;FOCALMANIPULATION;FOCUSFIRE;CAP_gold;ROD_silverwood;VISPOWER;FOCUSPOUCH;CAP_copper;ROD_reed_staff;FOCUSSHOCK;CAP_silver;ROD_quartz;FOCUSWARDING;ROD_obsidian;FOCUSPORTABLEHOLE;CAP_thaumium;ROD_greatwood;ROD_blaze;ROD_bone_staff;ROD_obsidian_staff;FOCUSTRADE;ROD_ice_staff;WANDPED;ROD_blaze_staff;ALUMENTUM;BATHSALTS;CRUCIBLE;ENTROPICPROCESSING;TRANSIRON;THAUMATORIUM;ALCHEMICALMANUFACTURE;LIQUIDDEATH;TUBES;TRANSTIN;SANESOAP;ETHEREALBLOOM;TALLOW;PURESILVER;PURETIN;TRANSCOPPER;ESSENTIACRYSTAL;ARCANESPA;CENTRIFUGE;TRANSSILVER;PUREIRON;ALCHEMICALDUPLICATION;JARVOID;NITOR;BOTTLETAINT;PUREGOLD;DISTILESSENTIA;PHIAL;TUBEFILTER;PURELEAD;THAUMIUM;TRANSLEAD;TRANSGOLD;PURECOPPER;JARLABEL;RUNICEMERGENCY;GOGGLES;ENCHFABRIC;ELEMENTALPICK;ELEMENTALAXE;TABLE;INFERNALFURNACE;BANNERS;ELEMENTALSHOVEL;LEVITATOR;HOVERGIRDLE;WARDEDARCANA;BASICARTIFACE;FLUXSCRUB;THAUMOMETER;BOOTSTRAVELLER;RESTABLE;MIRRORESSENTIA;PRIMALARROW;ARCANEEAR;GRATE;RUNICCHARGED;RUNICHEALING;HOVERHARNESS;MIRROR;ALCHGRATE;LAMPGROWTH;MASKGRINNINGDEVIL;ELEMENTALHOE;MIRRORHAND;ARCTABLE;INFUSION;RUNICKINETIC;PAVEWARD;MASKANGRYGHOST;MASKSIPPINGFIEND;ARCANELAMP;ARMORFORTRESS;BELLOWS;HELMGOGGLES;RUNICARMOR;RUNICAUGMENTATION;LAMPFERTILITY;BONEBOW;ARCANESTONE;SINSTONE;ELEMENTALSWORD;PAVETRAVEL;JARBRAIN;ARCANEBORE;INFUSIONENCHANTMENT;GOLEMCLAY;UPGRADEWATER;HUNGRYCHEST;GOLEMTALLOW;GOLEMWOOD;GOLEMFLESH;UPGRADEEARTH;TINYDART;UPGRADEFIRE;UPGRADEENTROPY;COREUSE;TINYHAMMER;TRAVELTRUNK;TINYBOWTIE;GOLEMBELL;CORESORTING;GOLEMTHAUMIUM;TINYHAT;TINYFEZ;CORELUMBER;TINYGLASSES;TINYVISOR;UPGRADEAIR;COREFISHING;COREGATHER;COREHARVEST;COREBUTCHER;COREGUARD;ADVANCEDGOLEM;TINYARMOR;COREFILL;GOLEMFETTER;GOLEMSTRAW;COREALCHEMY;GOLEMSTONE;GOLEMIRON;CORELIQUID;COREEMPTY;UPGRADEORDER;FOCUS_TELEKINESIS;TTENCH_VAMPIRISM;TTENCH_VALIANCE;TTENCH_SHOCKWAVE;TTENCH_FINAL;TTENCH_ASCENT_BOOST;TTENCH_DISPERSED;TTENCH_SLOW_FALL;TTENCH_FOCUSED;TTENCH_SHATTER;TTENCH_QUICK_DRAW;TTENCH_POUNCE;TTENCH_DESINTEGRATE;TTENCH_AUTO_SMELT;TTENCH_TUNNEL;FOCUS_ENDER_CHEST;FOCUS_HEAL,,2,1,15xTutamen;15xPannus;12xLux;9xPerfodio;6xMotus;3xAlienis,,,,17,5
TT_CATEGORY,Awakened Ichorium Shovel,ICHOR_SHOVEL_GEM,ICHOR_TOOLS,WARP;RESEARCH;ENCHANT;NODES;RESEARCHDUPE;ORE;ASPECTS;KNOWFRAG;RESEARCHER2;CRIMSON;NODEJAR;RESEARCHER1;NODETAPPER2;DECONSTRUCTOR;NODETAPPER1;THAUMONOMICON;PLANTS;NODEPRESERVE;PECH;NODESTABILIZER;WANDPEDFOC;VAMPBAT;ROD_bone;BASICTHAUMATURGY;FOCUSEXCAVATION;SCEPTRE;ROD_quartz_staff;FOCUSHELLBAT;VISCHARGERELAY;ROD_ice;NODESTABILIZERADV;ROD_reed;ROD_greatwood_staff;ROD_silverwood_staff;FOCUSFROST;VISAMULET;FOCALMANIPULATION;FOCUSFIRE;CAP_gold;ROD_silverwood;VISPOWER;FOCUSPOUCH;CAP_copper;ROD_reed_staff;FOCUSSHOCK;CAP_silver;ROD_quartz;FOCUSWARDING;ROD_obsidian;FOCUSPORTABLEHOLE;CAP_thaumium;ROD_greatwood;ROD_blaze;ROD_bone_staff;ROD_obsidian_staff;FOCUSTRADE;ROD_ice_staff;WANDPED;ROD_blaze_staff;ALUMENTUM;BATHSALTS;CRUCIBLE;ENTROPICPROCESSING;TRANSIRON;THAUMATORIUM;ALCHEMICALMANUFACTURE;LIQUIDDEATH;TUBES;TRANSTIN;SANESOAP;ETHEREALBLOOM;TALLOW;PURESILVER;PURETIN;TRANSCOPPER;ESSENTIACRYSTAL;ARCANESPA;CENTRIFUGE;TRANSSILVER;PUREIRON;ALCHEMICALDUPLICATION;JARVOID;NITOR;BOTTLETAINT;PUREGOLD;DISTILESSENTIA;PHIAL;TUBEFILTER;PURELEAD;THAUMIUM;TRANSLEAD;TRANSGOLD;PURECOPPER;JARLABEL;RUNICEMERGENCY;GOGGLES;ENCHFABRIC;ELEMENTALPICK;ELEMENTALAXE;TABLE;INFERNALFURNACE;BANNERS;ELEMENTALSHOVEL;LEVITATOR;HOVERGIRDLE;WARDEDARCANA;BASICARTIFACE;FLUXSCRUB;THAUMOMETER;BOOTSTRAVELLER;RESTABLE;MIRRORESSENTIA;PRIMALARROW;ARCANEEAR;GRATE;RUNICCHARGED;RUNICHEALING;HOVERHARNESS;MIRROR;ALCHGRATE;LAMPGROWTH;MASKGRINNINGDEVIL;ELEMENTALHOE;MIRRORHAND;ARCTABLE;INFUSION;RUNICKINETIC;PAVEWARD;MASKANGRYGHOST;MASKSIPPINGFIEND;ARCANELAMP;ARMORFORTRESS;BELLOWS;HELMGOGGLES;RUNICARMOR;RUNICAUGMENTATION;LAMPFERTILITY;BONEBOW;ARCANESTONE;SINSTONE;ELEMENTALSWORD;PAVETRAVEL;JARBRAIN;ARCANEBORE;INFUSIONENCHANTMENT;GOLEMCLAY;UPGRADEWATER;HUNGRYCHEST;GOLEMTALLOW;GOLEMWOOD;GOLEMFLESH;UPGRADEEARTH;TINYDART;UPGRADEFIRE;UPGRADEENTROPY;COREUSE;TINYHAMMER;TRAVELTRUNK;TINYBOWTIE;GOLEMBELL;CORESORTING;GOLEMTHAUMIUM;TINYHAT;TINYFEZ;CORELUMBER;TINYGLASSES;TINYVISOR;UPGRADEAIR;COREFISHING;COREGATHER;COREHARVEST;COREBUTCHER;COREGUARD;ADVANCEDGOLEM;TINYARMOR;COREFILL;GOLEMFETTER;GOLEMSTRAW;COREALCHEMY;GOLEMSTONE;GOLEMIRON;CORELIQUID;COREEMPTY;UPGRADEORDER;TTENCH_VALIANCE;TTENCH_SHOCKWAVE;TTENCH_ASCENT_BOOST;TTENCH_DISPERSED;FOCUS_DEFLECT;GASEOUS_SHADOW;TTENCH_SLOW_FALL;TTENCH_FOCUSED;TTENCH_SHATTER;FOCUS_DISLOCATION;FOCUS_FLIGHT;TTENCH_TUNNEL;FOCUS_HEAL;FOCUS_TELEKINESIS;GASEOUS_LIGHT;TTENCH_VAMPIRISM;BLOOD_SWORD;TTENCH_FINAL;CLEANSING_TALISMAN;REVEALING_HELM;SPELL_CLOTH;XP_TALISMAN;BRIGHT_NITOR;TTENCH_QUICK_DRAW;TTENCH_POUNCE;TTENCH_DESINTEGRATE;GAS_REMOVER;TTENCH_AUTO_SMELT;FOCUS_SMELT;FOCUS_ENDER_CHEST,,2,1,21xInstrumentum;18xMeto;15xPerfodio;12xSensus;9xTerra;6xVinculum;3xOrdo,,,,15,15
TT_CATEGORY,Ichorcloth,ICHOR_CLOTH,ICHOR,WARP;RESEARCH;ENCHANT;NODES;RESEARCHDUPE;ORE;ASPECTS;KNOWFRAG;RESEARCHER2;CRIMSON;NODEJAR;RESEARCHER1;NODETAPPER2;DECONSTRUCTOR;NODETAPPER1;THAUMONOMICON;PLANTS;NODEPRESERVE;PECH;NODESTABILIZER;WANDPEDFOC;VAMPBAT;ROD_bone;BASICTHAUMATURGY;FOCUSEXCAVATION;SCEPTRE;ROD_quartz_staff;FOCUSHELLBAT;VISCHARGERELAY;ROD_ice;NODESTABILIZERADV;ROD_reed;ROD_greatwood_staff;ROD_silverwood_staff;FOCUSFROST;VISAMULET;FOCALMANIPULATION;FOCUSFIRE;CAP_gold;ROD_silverwood;VISPOWER;FOCUSPOUCH;CAP_copper;ROD_reed_staff;FOCUSSHOCK;CAP_silver;ROD_quartz;FOCUSWARDING;ROD_obsidian;FOCUSPORTABLEHOLE;CAP_thaumium;ROD_greatwood;ROD_blaze;ROD_bone_staff;ROD_obsidian_staff;FOCUSTRADE;ROD_ice_staff;WANDPED;ROD_blaze_staff;ALUMENTUM;BATHSALTS;CRUCIBLE;ENTROPICPROCESSING;TRANSIRON;THAUMATORIUM;ALCHEMICALMANUFACTURE;LIQUIDDEATH;TUBES;TRANSTIN;SANESOAP;ETHEREALBLOOM;TALLOW;PURESILVER;PURETIN;TRANSCOPPER;ESSENTIACRYSTAL;ARCANESPA;CENTRIFUGE;TRANSSILVER;PUREIRON;ALCHEMICALDUPLICATION;JARVOID;NITOR;BOTTLETAINT;PUREGOLD;DISTILESSENTIA;PHIAL;TUBEFILTER;PURELEAD;THAUMIUM;TRANSLEAD;TRANSGOLD;PURECOPPER;JARLABEL;RUNICEMERGENCY;GOGGLES;ENCHFABRIC;ELEMENTALPICK;ELEMENTALAXE;TABLE;INFERNALFURNACE;BANNERS;ELEMENTALSHOVEL;LEVITATOR;HOVERGIRDLE;WARDEDARCANA;BASICARTIFACE;FLUXSCRUB;THAUMOMETER;BOOTSTRAVELLER;RESTABLE;MIRRORESSENTIA;PRIMALARROW;ARCANEEAR;GRATE;RUNICCHARGED;RUNICHEALING;HOVERHARNESS;MIRROR;ALCHGRATE;LAMPGROWTH;MASKGRINNINGDEVIL;ELEMENTALHOE;MIRRORHAND;ARCTABLE;INFUSION;RUNICKINETIC;PAVEWARD;MASKANGRYGHOST;MASKSIPPINGFIEND;ARCANELAMP;ARMORFORTRESS;BELLOWS;HELMGOGGLES;RUNICARMOR;RUNICAUGMENTATION;LAMPFERTILITY;BONEBOW;ARCANESTONE;SINSTONE;ELEMENTALSWORD;PAVETRAVEL;JARBRAIN;ARCANEBORE;INFUSIONENCHANTMENT;GOLEMCLAY;UPGRADEWATER;HUNGRYCHEST;GOLEMTALLOW;GOLEMWOOD;GOLEMFLESH;UPGRADEEARTH;TINYDART;UPGRADEFIRE;UPGRADEENTROPY;COREUSE;TINYHAMMER;TRAVELTRUNK;TINYBOWTIE;GOLEMBELL;CORESORTING;GOLEMTHAUMIUM;TINYHAT;TINYFEZ;CORELUMBER;TINYGLASSES;TINYVISOR;UPGRADEAIR;COREFISHING;COREGATHER;COREHARVEST;COREBUTCHER;COREGUARD;ADVANCEDGOLEM;TINYARMOR;COREFILL;GOLEMFETTER;GOLEMSTRAW;COREALCHEMY;GOLEMSTONE;GOLEMIRON;CORELIQUID;COREEMPTY;UPGRADEORDER;TTENCH_VALIANCE;TTENCH_SHOCKWAVE;FOCUS_DEFLECT;GASEOUS_SHADOW;TTENCH_FOCUSED;FOCUS_FLIGHT;FOCUS_HEAL;FOCUS_TELEKINESIS;TTENCH_VAMPIRISM;CLEANSING_TALISMAN;SPELL_CLOTH;XP_TALISMAN;TTENCH_QUICK_DRAW;TTENCH_POUNCE;TTENCH_DESINTEGRATE;TTENCH_ASCENT_BOOST;TTENCH_DISPERSED;TTENCH_SLOW_FALL;TTENCH_SHATTER;FOCUS_DISLOCATION;TTENCH_TUNNEL;GASEOUS_LIGHT;BLOOD_SWORD;TTENCH_FINAL;REVEALING_HELM;BRIGHT_NITOR;GAS_REMOVER;TTENCH_AUTO_SMELT;FOCUS_SMELT;FOCUS_ENDER_CHEST,,1,1,15xPannus;15xFabrico;12xPraecantatio;9xSensus;6xLux;3xAlienis,,,,11,7
TT_CATEGORY,Wand Focus: Dislocation,FOCUS_DISLOCATION,FOCUS_FLIGHT;FOCUSTRADE,INFUSION,,2,1,15xAlienis;15xPermutatio;12xPraecantatio;9xTenebrae;6xVacuos;3xVitium,,,,-5,-5
TT_CATEGORY,Enchantment: Tunnel,TTENCH_TUNNEL,TTENCH_AUTO_SMELT,,,0,0,15xTerra;15xOrdo;12xInstrumentum;9xPraecantatio;6xAuram;3xPerfodio,,,,9,6
TT_CATEGORY,Feline Amulet,CAT_AMULET,ICHORIUM,WARP;RESEARCH;ENCHANT;NODES;RESEARCHDUPE;ORE;ASPECTS;KNOWFRAG;RESEARCHER2;CRIMSON;NODEJAR;RESEARCHER1;NODETAPPER2;DECONSTRUCTOR;NODETAPPER1;THAUMONOMICON;PLANTS;NODEPRESERVE;PECH;NODESTABILIZER;WANDPEDFOC;VAMPBAT;ROD_bone;BASICTHAUMATURGY;FOCUSEXCAVATION;SCEPTRE;ROD_quartz_staff;FOCUSHELLBAT;VISCHARGERELAY;ROD_ice;NODESTABILIZERADV;ROD_reed;ROD_greatwood_staff;ROD_silverwood_staff;FOCUSFROST;VISAMULET;FOCALMANIPULATION;FOCUSFIRE;CAP_gold;ROD_silverwood;VISPOWER;FOCUSPOUCH;CAP_copper;ROD_reed_staff;FOCUSSHOCK;CAP_silver;ROD_quartz;FOCUSWARDING;ROD_obsidian;FOCUSPORTABLEHOLE;CAP_thaumium;ROD_greatwood;ROD_blaze;ROD_bone_staff;ROD_obsidian_staff;FOCUSTRADE;ROD_ice_staff;WANDPED;ROD_blaze_staff;ALUMENTUM;BATHSALTS;CRUCIBLE;ENTROPICPROCESSING;TRANSIRON;THAUMATORIUM;ALCHEMICALMANUFACTURE;LIQUIDDEATH;TUBES;TRANSTIN;SANESOAP;ETHEREALBLOOM;TALLOW;PURESILVER;PURETIN;TRANSCOPPER;ESSENTIACRYSTAL;ARCANESPA;CENTRIFUGE;TRANSSILVER;PUREIRON;ALCHEMICALDUPLICATION;JARVOID;NITOR;BOTTLETAINT;PUREGOLD;DISTILESSENTIA;PHIAL;TUBEFILTER;PURELEAD;THAUMIUM;TRANSLEAD;TRANSGOLD;PURECOPPER;JARLABEL;RUNICEMERGENCY;GOGGLES;ENCHFABRIC;ELEMENTALPICK;ELEMENTALAXE;TABLE;INFERNALFURNACE;BANNERS;ELEMENTALSHOVEL;LEVITATOR;HOVERGIRDLE;WARDEDARCANA;BASICARTIFACE;FLUXSCRUB;THAUMOMETER;BOOTSTRAVELLER;RESTABLE;MIRRORESSENTIA;PRIMALARROW;ARCANEEAR;GRATE;RUNICCHARGED;RUNICHEALING;HOVERHARNESS;MIRROR;ALCHGRATE;LAMPGROWTH;MASKGRINNINGDEVIL;ELEMENTALHOE;MIRRORHAND;ARCTABLE;INFUSION;RUNICKINETIC;PAVEWARD;MASKANGRYGHOST;MASKSIPPINGFIEND;ARCANELAMP;ARMORFORTRESS;BELLOWS;HELMGOGGLES;RUNICARMOR;RUNICAUGMENTATION;LAMPFERTILITY;BONEBOW;ARCANESTONE;SINSTONE;ELEMENTALSWORD;PAVETRAVEL;JARBRAIN;ARCANEBORE;INFUSIONENCHANTMENT;GOLEMCLAY;UPGRADEWATER;HUNGRYCHEST;GOLEMTALLOW;GOLEMWOOD;GOLEMFLESH;UPGRADEEARTH;TINYDART;UPGRADEFIRE;UPGRADEENTROPY;COREUSE;TINYHAMMER;TRAVELTRUNK;TINYBOWTIE;GOLEMBELL;CORESORTING;GOLEMTHAUMIUM;TINYHAT;TINYFEZ;CORELUMBER;TINYGLASSES;TINYVISOR;UPGRADEAIR;COREFISHING;COREGATHER;COREHARVEST;COREBUTCHER;COREGUARD;ADVANCEDGOLEM;TINYARMOR;COREFILL;GOLEMFETTER;GOLEMSTRAW;COREALCHEMY;GOLEMSTONE;GOLEMIRON;CORELIQUID;COREEMPTY;UPGRADEORDER;TTENCH_VAMPIRISM;TTENCH_VALIANCE;TTENCH_SHOCKWAVE;TTENCH_FINAL;TTENCH_ASCENT_BOOST;TTENCH_DISPERSED;TTENCH_SLOW_FALL;TTENCH_FOCUSED;TTENCH_SHATTER;TTENCH_QUICK_DRAW;TTENCH_POUNCE;TTENCH_DESINTEGRATE;TTENCH_AUTO_SMELT;TTENCH_TUNNEL,,0,0,15xCognitio;15xOrdo;12xTenebrae;9xMortuus;6xMotus;3xAlienis,,,,13,10
TT_CATEGORY,Gaseous Illuminae,GASEOUS_LIGHT,NITOR,,,0,0,9xLux;6xAer;3xMotus;3xPraecantatio,,,,0,-3
TT_CATEGORY,Ichorium,ICHORIUM,,ICHOR,,1,1,15xMetallum;15xFabrico;12xInstrumentum;9xPraecantatio;6xLux;3xAlienis,,,,11,9
TT_CATEGORY,Elemental Fire: Aqua,FIREAQUA,INFUSION;BRIGHT_NITOR;ELDRITCHMINOR,,,5,5,15xAqua;12xLux;9xAer;3xPraecantatio,,,,2,-2
TT_CATEGORY,Cursed Spirit's Blade,BLOOD_SWORD,CLEANSING_TALISMAN,INFUSION,,2,1,15xFames;12xTelum;9xCorpus;6xSpiritus;3xTenebrae,,,,-4,6
TT_CATEGORY,Ichor Woven Silverwood Wand Core,ROD_ICHORCLOTH,ICHOR_CLOTH,WARP;RESEARCH;ENCHANT;NODES;RESEARCHDUPE;ORE;ASPECTS;KNOWFRAG;RESEARCHER2;CRIMSON;NODEJAR;RESEARCHER1;NODETAPPER2;DECONSTRUCTOR;NODETAPPER1;THAUMONOMICON;PLANTS;NODEPRESERVE;PECH;NODESTABILIZER;WANDPEDFOC;VAMPBAT;ROD_bone;BASICTHAUMATURGY;FOCUSEXCAVATION;SCEPTRE;ROD_quartz_staff;FOCUSHELLBAT;VISCHARGERELAY;ROD_ice;NODESTABILIZERADV;ROD_reed;ROD_greatwood_staff;ROD_silverwood_staff;FOCUSFROST;VISAMULET;FOCALMANIPULATION;FOCUSFIRE;CAP_gold;ROD_silverwood;VISPOWER;FOCUSPOUCH;CAP_copper;ROD_reed_staff;FOCUSSHOCK;CAP_silver;ROD_quartz;FOCUSWARDING;ROD_obsidian;FOCUSPORTABLEHOLE;CAP_thaumium;ROD_greatwood;ROD_blaze;ROD_bone_staff;ROD_obsidian_staff;FOCUSTRADE;ROD_ice_staff;WANDPED;ROD_blaze_staff;ALUMENTUM;BATHSALTS;CRUCIBLE;ENTROPICPROCESSING;TRANSIRON;THAUMATORIUM;ALCHEMICALMANUFACTURE;LIQUIDDEATH;TUBES;TRANSTIN;SANESOAP;ETHEREALBLOOM;TALLOW;PURESILVER;PURETIN;TRANSCOPPER;ESSENTIACRYSTAL;ARCANESPA;CENTRIFUGE;TRANSSILVER;PUREIRON;ALCHEMICALDUPLICATION;JARVOID;NITOR;BOTTLETAINT;PUREGOLD;DISTILESSENTIA;PHIAL;TUBEFILTER;PURELEAD;THAUMIUM;TRANSLEAD;TRANSGOLD;PURECOPPER;JARLABEL;RUNICEMERGENCY;GOGGLES;ENCHFABRIC;ELEMENTALPICK;ELEMENTALAXE;TABLE;INFERNALFURNACE;BANNERS;ELEMENTALSHOVEL;LEVITATOR;HOVERGIRDLE;WARDEDARCANA;BASICARTIFACE;FLUXSCRUB;THAUMOMETER;BOOTSTRAVELLER;RESTABLE;MIRRORESSENTIA;PRIMALARROW;ARCANEEAR;GRATE;RUNICCHARGED;RUNICHEALING;HOVERHARNESS;MIRROR;ALCHGRATE;LAMPGROWTH;MASKGRINNINGDEVIL;ELEMENTALHOE;MIRRORHAND;ARCTABLE;INFUSION;RUNICKINETIC;PAVEWARD;MASKANGRYGHOST;MASKSIPPINGFIEND;ARCANELAMP;ARMORFORTRESS;BELLOWS;HELMGOGGLES;RUNICARMOR;RUNICAUGMENTATION;LAMPFERTILITY;BONEBOW;ARCANESTONE;SINSTONE;ELEMENTALSWORD;PAVETRAVEL;JARBRAIN;ARCANEBORE;INFUSIONENCHANTMENT;GOLEMCLAY;UPGRADEWATER;HUNGRYCHEST;GOLEMTALLOW;GOLEMWOOD;GOLEMFLESH;UPGRADEEARTH;TINYDART;UPGRADEFIRE;UPGRADEENTROPY;COREUSE;TINYHAMMER;TRAVELTRUNK;TINYBOWTIE;GOLEMBELL;CORESORTING;GOLEMTHAUMIUM;TINYHAT;TINYFEZ;CORELUMBER;TINYGLASSES;TINYVISOR;UPGRADEAIR;COREFISHING;COREGATHER;COREHARVEST;COREBUTCHER;COREGUARD;ADVANCEDGOLEM;TINYARMOR;COREFILL;GOLEMFETTER;GOLEMSTRAW;COREALCHEMY;GOLEMSTONE;GOLEMIRON;CORELIQUID;COREEMPTY;UPGRADEORDER;TTENCH_VALIANCE;TTENCH_SHOCKWAVE;FOCUS_DEFLECT;GASEOUS_SHADOW;TTENCH_FOCUSED;FOCUS_FLIGHT;FOCUS_HEAL;FOCUS_TELEKINESIS;TTENCH_VAMPIRISM;CLEANSING_TALISMAN;SPELL_CLOTH;XP_TALISMAN;TTENCH_QUICK_DRAW;TTENCH_POUNCE;TTENCH_DESINTEGRATE;TTENCH_ASCENT_BOOST;TTENCH_DISPERSED;TTENCH_SLOW_FALL;TTENCH_SHATTER;FOCUS_DISLOCATION;TTENCH_TUNNEL;GASEOUS_LIGHT;BLOOD_SWORD;TTENCH_FINAL;REVEALING_HELM;BRIGHT_NITOR;GAS_REMOVER;TTENCH_AUTO_SMELT;FOCUS_SMELT;FOCUS_ENDER_CHEST,,2,1,15xInstrumentum;15xPannus;12xLux;9xPraecantatio;6xArbor;3xAlienis,,,,14,2
TT_CATEGORY,Enchantment: Final Strike,TTENCH_FINAL,TTENCH_FOCUSED;TTENCH_DISPERSED,,,0,0,15xOrdo;15xPerditio;15xTelum;12xPraecantatio;9xAlienis;6xAuram;3xSuperbia,,,,0,8
TT_CATEGORY,Wand Focus: Experience Drain,FOCUS_XP_DRAIN,ROD_ICHORCLOTH,WARP;RESEARCH;ENCHANT;NODES;RESEARCHDUPE;ORE;ASPECTS;KNOWFRAG;RESEARCHER2;CRIMSON;NODEJAR;RESEARCHER1;NODETAPPER2;DECONSTRUCTOR;NODETAPPER1;THAUMONOMICON;PLANTS;NODEPRESERVE;PECH;NODESTABILIZER;WANDPEDFOC;VAMPBAT;ROD_bone;BASICTHAUMATURGY;FOCUSEXCAVATION;SCEPTRE;ROD_quartz_staff;FOCUSHELLBAT;VISCHARGERELAY;ROD_ice;NODESTABILIZERADV;ROD_reed;ROD_greatwood_staff;ROD_silverwood_staff;FOCUSFROST;VISAMULET;FOCALMANIPULATION;FOCUSFIRE;CAP_gold;ROD_silverwood;VISPOWER;FOCUSPOUCH;CAP_copper;ROD_reed_staff;FOCUSSHOCK;CAP_silver;ROD_quartz;FOCUSWARDING;ROD_obsidian;FOCUSPORTABLEHOLE;CAP_thaumium;ROD_greatwood;ROD_blaze;ROD_bone_staff;ROD_obsidian_staff;FOCUSTRADE;ROD_ice_staff;WANDPED;ROD_blaze_staff;ALUMENTUM;BATHSALTS;CRUCIBLE;ENTROPICPROCESSING;TRANSIRON;THAUMATORIUM;ALCHEMICALMANUFACTURE;LIQUIDDEATH;TUBES;TRANSTIN;SANESOAP;ETHEREALBLOOM;TALLOW;PURESILVER;PURETIN;TRANSCOPPER;ESSENTIACRYSTAL;ARCANESPA;CENTRIFUGE;TRANSSILVER;PUREIRON;ALCHEMICALDUPLICATION;JARVOID;NITOR;BOTTLETAINT;PUREGOLD;DISTILESSENTIA;PHIAL;TUBEFILTER;PURELEAD;THAUMIUM;TRANSLEAD;TRANSGOLD;PURECOPPER;JARLABEL;RUNICEMERGENCY;GOGGLES;ENCHFABRIC;ELEMENTALPICK;ELEMENTALAXE;TABLE;INFERNALFURNACE;BANNERS;ELEMENTALSHOVEL;LEVITATOR;HOVERGIRDLE;WARDEDARCANA;BASICARTIFACE;FLUXSCRUB;THAUMOMETER;BOOTSTRAVELLER;RESTABLE;MIRRORESSENTIA;PRIMALARROW;ARCANEEAR;GRATE;RUNICCHARGED;RUNICHEALING;HOVERHARNESS;MIRROR;ALCHGRATE;LAMPGROWTH;MASKGRINNINGDEVIL;ELEMENTALHOE;MIRRORHAND;ARCTABLE;INFUSION;RUNICKINETIC;PAVEWARD;MASKANGRYGHOST;MASKSIPPINGFIEND;ARCANELAMP;ARMORFORTRESS;BELLOWS;HELMGOGGLES;RUNICARMOR;RUNICAUGMENTATION;LAMPFERTILITY;BONEBOW;ARCANESTONE;SINSTONE;ELEMENTALSWORD;PAVETRAVEL;JARBRAIN;ARCANEBORE;INFUSIONENCHANTMENT;GOLEMCLAY;UPGRADEWATER;HUNGRYCHEST;GOLEMTALLOW;GOLEMWOOD;GOLEMFLESH;UPGRADEEARTH;TINYDART;UPGRADEFIRE;UPGRADEENTROPY;COREUSE;TINYHAMMER;TRAVELTRUNK;TINYBOWTIE;GOLEMBELL;CORESORTING;GOLEMTHAUMIUM;TINYHAT;TINYFEZ;CORELUMBER;TINYGLASSES;TINYVISOR;UPGRADEAIR;COREFISHING;COREGATHER;COREHARVEST;COREBUTCHER;COREGUARD;ADVANCEDGOLEM;TINYARMOR;COREFILL;GOLEMFETTER;GOLEMSTRAW;COREALCHEMY;GOLEMSTONE;GOLEMIRON;CORELIQUID;COREEMPTY;UPGRADEORDER;TTENCH_VALIANCE;TTENCH_SHOCKWAVE;TTENCH_ASCENT_BOOST;TTENCH_DISPERSED;FOCUS_DEFLECT;GASEOUS_SHADOW;TTENCH_SLOW_FALL;TTENCH_FOCUSED;TTENCH_SHATTER;FOCUS_DISLOCATION;TTENCH_TUNNEL;FOCUS_HEAL;FOCUS_TELEKINESIS;GASEOUS_LIGHT;TTENCH_VAMPIRISM;BLOOD_SWORD;TTENCH_FINAL;CLEANSING_TALISMAN;REVEALING_HELM;SPELL_CLOTH;XP_TALISMAN;BRIGHT_NITOR;TTENCH_QUICK_DRAW;TTENCH_POUNCE;TTENCH_DESINTEGRATE;GAS_REMOVER;TTENCH_AUTO_SMELT;FOCUS_ENDER_CHEST,,2,2,15xCognitio;15xPraecantatio;12xAuram;9xHumanus;6xLucrum;3xAlienis,,,,12,3
TT_CATEGORY,Smokey Quartz,DARKQUARTZ,,,,0,0,<empty>,,,,-2,2
TT_CATEGORY,Helmet of Revealing,REVEALING_HELM,GOGGLES,THAUMIUM,,0,0,15xTutamen;12xAuram;9xPraecantatio;6xMetallum;3xSensus,,,,0,0
TT_CATEGORY,Robes of the Stratosphere,ICHORCLOTH_CHEST_GEM,ICHORCLOTH_ARMOR,WARP;RESEARCH;ENCHANT;NODES;RESEARCHDUPE;ORE;ASPECTS;KNOWFRAG;RESEARCHER2;CRIMSON;NODEJAR;RESEARCHER1;NODETAPPER2;DECONSTRUCTOR;NODETAPPER1;THAUMONOMICON;PLANTS;NODEPRESERVE;PECH;NODESTABILIZER;WANDPEDFOC;VAMPBAT;ROD_bone;BASICTHAUMATURGY;FOCUSEXCAVATION;SCEPTRE;ROD_quartz_staff;FOCUSHELLBAT;VISCHARGERELAY;ROD_ice;NODESTABILIZERADV;ROD_reed;ROD_greatwood_staff;ROD_silverwood_staff;FOCUSFROST;VISAMULET;FOCALMANIPULATION;FOCUSFIRE;CAP_gold;ROD_silverwood;VISPOWER;FOCUSPOUCH;CAP_copper;ROD_reed_staff;FOCUSSHOCK;CAP_silver;ROD_quartz;FOCUSWARDING;ROD_obsidian;FOCUSPORTABLEHOLE;CAP_thaumium;ROD_greatwood;ROD_blaze;ROD_bone_staff;ROD_obsidian_staff;FOCUSTRADE;ROD_ice_staff;WANDPED;ROD_blaze_staff;ALUMENTUM;BATHSALTS;CRUCIBLE;ENTROPICPROCESSING;TRANSIRON;THAUMATORIUM;ALCHEMICALMANUFACTURE;LIQUIDDEATH;TUBES;TRANSTIN;SANESOAP;ETHEREALBLOOM;TALLOW;PURESILVER;PURETIN;TRANSCOPPER;ESSENTIACRYSTAL;ARCANESPA;CENTRIFUGE;TRANSSILVER;PUREIRON;ALCHEMICALDUPLICATION;JARVOID;NITOR;BOTTLETAINT;PUREGOLD;DISTILESSENTIA;PHIAL;TUBEFILTER;PURELEAD;THAUMIUM;TRANSLEAD;TRANSGOLD;PURECOPPER;JARLABEL;RUNICEMERGENCY;GOGGLES;ENCHFABRIC;ELEMENTALPICK;ELEMENTALAXE;TABLE;INFERNALFURNACE;BANNERS;ELEMENTALSHOVEL;LEVITATOR;HOVERGIRDLE;WARDEDARCANA;BASICARTIFACE;FLUXSCRUB;THAUMOMETER;BOOTSTRAVELLER;RESTABLE;MIRRORESSENTIA;PRIMALARROW;ARCANEEAR;GRATE;RUNICCHARGED;RUNICHEALING;HOVERHARNESS;MIRROR;ALCHGRATE;LAMPGROWTH;MASKGRINNINGDEVIL;ELEMENTALHOE;MIRRORHAND;ARCTABLE;INFUSION;RUNICKINETIC;PAVEWARD;MASKANGRYGHOST;MASKSIPPINGFIEND;ARCANELAMP;ARMORFORTRESS;BELLOWS;HELMGOGGLES;RUNICARMOR;RUNICAUGMENTATION;LAMPFERTILITY;BONEBOW;ARCANESTONE;SINSTONE;ELEMENTALSWORD;PAVETRAVEL;JARBRAIN;ARCANEBORE;INFUSIONENCHANTMENT;GOLEMCLAY;UPGRADEWATER;HUNGRYCHEST;GOLEMTALLOW;GOLEMWOOD;GOLEMFLESH;UPGRADEEARTH;TINYDART;UPGRADEFIRE;UPGRADEENTROPY;COREUSE;TINYHAMMER;TRAVELTRUNK;TINYBOWTIE;GOLEMBELL;CORESORTING;GOLEMTHAUMIUM;TINYHAT;TINYFEZ;CORELUMBER;TINYGLASSES;TINYVISOR;UPGRADEAIR;COREFISHING;COREGATHER;COREHARVEST;COREBUTCHER;COREGUARD;ADVANCEDGOLEM;TINYARMOR;COREFILL;GOLEMFETTER;GOLEMSTRAW;COREALCHEMY;GOLEMSTONE;GOLEMIRON;CORELIQUID;COREEMPTY;UPGRADEORDER;TTENCH_VALIANCE;TTENCH_SHOCKWAVE;TTENCH_ASCENT_BOOST;TTENCH_DISPERSED;FOCUS_DEFLECT;TTENCH_SLOW_FALL;TTENCH_FOCUSED;TTENCH_SHATTER;TTENCH_TUNNEL;FOCUS_HEAL;FOCUS_TELEKINESIS;TTENCH_VAMPIRISM;TTENCH_FINAL;CLEANSING_TALISMAN;REVEALING_HELM;TTENCH_QUICK_DRAW;TTENCH_POUNCE;TTENCH_DESINTEGRATE;TTENCH_AUTO_SMELT;FOCUS_ENDER_CHEST,,2,2,24xAer;21xMotus;18xVolatus;15xAlienis;12xLux;9xSensus;6xOrdo;3xTutamen,,,,17,7
TT_CATEGORY,Hyperenergetic Nitor,BRIGHT_NITOR,GASEOUS_LIGHT;INFUSION,,,0,0,15xIgnis;12xLux;9xAer;6xPotentia;3xPraecantatio,,,,1,-5
TT_CATEGORY,Essentia Funnel,FUNNEL,BRIGHT_NITOR;INFUSION,DISTILESSENTIA,,0,0,15xIter;12xInstrumentum;9xAqua;6xMetallum;3xPraecantatio,,,,0,-7
TT_CATEGORY,Ichor,ICHOR,DIMENSIONSHARDS,WARP;RESEARCH;ENCHANT;NODES;RESEARCHDUPE;ORE;ASPECTS;KNOWFRAG;RESEARCHER2;CRIMSON;NODEJAR;RESEARCHER1;NODETAPPER2;DECONSTRUCTOR;NODETAPPER1;THAUMONOMICON;PLANTS;NODEPRESERVE;PECH;NODESTABILIZER;WANDPEDFOC;VAMPBAT;ROD_bone;BASICTHAUMATURGY;FOCUSEXCAVATION;SCEPTRE;ROD_quartz_staff;FOCUSHELLBAT;VISCHARGERELAY;ROD_ice;NODESTABILIZERADV;ROD_reed;ROD_greatwood_staff;ROD_silverwood_staff;FOCUSFROST;VISAMULET;FOCALMANIPULATION;FOCUSFIRE;CAP_gold;ROD_silverwood;VISPOWER;FOCUSPOUCH;CAP_copper;ROD_reed_staff;FOCUSSHOCK;CAP_silver;ROD_quartz;FOCUSWARDING;ROD_obsidian;FOCUSPORTABLEHOLE;CAP_thaumium;ROD_greatwood;ROD_blaze;ROD_bone_staff;ROD_obsidian_staff;FOCUSTRADE;ROD_ice_staff;WANDPED;ROD_blaze_staff;ALUMENTUM;BATHSALTS;CRUCIBLE;ENTROPICPROCESSING;TRANSIRON;THAUMATORIUM;ALCHEMICALMANUFACTURE;LIQUIDDEATH;TUBES;TRANSTIN;SANESOAP;ETHEREALBLOOM;TALLOW;PURESILVER;PURETIN;TRANSCOPPER;ESSENTIACRYSTAL;ARCANESPA;CENTRIFUGE;TRANSSILVER;PUREIRON;ALCHEMICALDUPLICATION;JARVOID;NITOR;BOTTLETAINT;PUREGOLD;DISTILESSENTIA;PHIAL;TUBEFILTER;PURELEAD;THAUMIUM;TRANSLEAD;TRANSGOLD;PURECOPPER;JARLABEL;RUNICEMERGENCY;GOGGLES;ENCHFABRIC;ELEMENTALPICK;ELEMENTALAXE;TABLE;INFERNALFURNACE;BANNERS;ELEMENTALSHOVEL;LEVITATOR;HOVERGIRDLE;WARDEDARCANA;BASICARTIFACE;FLUXSCRUB;THAUMOMETER;BOOTSTRAVELLER;RESTABLE;MIRRORESSENTIA;PRIMALARROW;ARCANEEAR;GRATE;RUNICCHARGED;RUNICHEALING;HOVERHARNESS;MIRROR;ALCHGRATE;LAMPGROWTH;MASKGRINNINGDEVIL;ELEMENTALHOE;MIRRORHAND;ARCTABLE;INFUSION;RUNICKINETIC;PAVEWARD;MASKANGRYGHOST;MASKSIPPINGFIEND;ARCANELAMP;ARMORFORTRESS;BELLOWS;HELMGOGGLES;RUNICARMOR;RUNICAUGMENTATION;LAMPFERTILITY;BONEBOW;ARCANESTONE;SINSTONE;ELEMENTALSWORD;PAVETRAVEL;JARBRAIN;ARCANEBORE;INFUSIONENCHANTMENT;GOLEMCLAY;UPGRADEWATER;HUNGRYCHEST;GOLEMTALLOW;GOLEMWOOD;GOLEMFLESH;UPGRADEEARTH;TINYDART;UPGRADEFIRE;UPGRADEENTROPY;COREUSE;TINYHAMMER;TRAVELTRUNK;TINYBOWTIE;GOLEMBELL;CORESORTING;GOLEMTHAUMIUM;TINYHAT;TINYFEZ;CORELUMBER;TINYGLASSES;TINYVISOR;UPGRADEAIR;COREFISHING;COREGATHER;COREHARVEST;COREBUTCHER;COREGUARD;ADVANCEDGOLEM;TINYARMOR;COREFILL;GOLEMFETTER;GOLEMSTRAW;COREALCHEMY;GOLEMSTONE;GOLEMIRON;CORELIQUID;COREEMPTY;UPGRADEORDER;TTENCH_VALIANCE;TTENCH_SHOCKWAVE;FOCUS_DEFLECT;GASEOUS_SHADOW;TTENCH_FOCUSED;FOCUS_FLIGHT;FOCUS_HEAL;FOCUS_TELEKINESIS;TTENCH_VAMPIRISM;CLEANSING_TALISMAN;SPELL_CLOTH;XP_TALISMAN;TTENCH_QUICK_DRAW;TTENCH_POUNCE;TTENCH_DESINTEGRATE;TTENCH_ASCENT_BOOST;TTENCH_DISPERSED;TTENCH_SLOW_FALL;TTENCH_SHATTER;FOCUS_DISLOCATION;TTENCH_TUNNEL;GASEOUS_LIGHT;BLOOD_SWORD;TTENCH_FINAL;REVEALING_HELM;BRIGHT_NITOR;GAS_REMOVER;TTENCH_AUTO_SMELT;FOCUS_SMELT;FOCUS_ENDER_CHEST,,3,2,15xHumanus;15xSpiritus;15xOrdo;15xPraecantatio;12xVitium;9xLux;6xInfernus;3xAlienis,,,,9,8
TT_CATEGORY,Protoclay,PROTOCLAY,ICHOR_PICK_GEM,ICHOR_SHOVEL_GEM;WARP;RESEARCH;ENCHANT;NODES;RESEARCHDUPE;ORE;ASPECTS;KNOWFRAG;RESEARCHER2;CRIMSON;NODEJAR;RESEARCHER1;NODETAPPER2;DECONSTRUCTOR;NODETAPPER1;THAUMONOMICON;PLANTS;NODEPRESERVE;PECH;NODESTABILIZER;WANDPEDFOC;VAMPBAT;ROD_bone;BASICTHAUMATURGY;FOCUSEXCAVATION;SCEPTRE;ROD_quartz_staff;FOCUSHELLBAT;VISCHARGERELAY;ROD_ice;NODESTABILIZERADV;ROD_reed;ROD_greatwood_staff;ROD_silverwood_staff;FOCUSFROST;VISAMULET;FOCALMANIPULATION;FOCUSFIRE;CAP_gold;ROD_silverwood;VISPOWER;FOCUSPOUCH;CAP_copper;ROD_reed_staff;FOCUSSHOCK;CAP_silver;ROD_quartz;FOCUSWARDING;ROD_obsidian;FOCUSPORTABLEHOLE;CAP_thaumium;ROD_greatwood;ROD_blaze;ROD_bone_staff;ROD_obsidian_staff;FOCUSTRADE;ROD_ice_staff;WANDPED;ROD_blaze_staff;ALUMENTUM;BATHSALTS;CRUCIBLE;ENTROPICPROCESSING;TRANSIRON;THAUMATORIUM;ALCHEMICALMANUFACTURE;LIQUIDDEATH;TUBES;TRANSTIN;SANESOAP;ETHEREALBLOOM;TALLOW;PURESILVER;PURETIN;TRANSCOPPER;ESSENTIACRYSTAL;ARCANESPA;CENTRIFUGE;TRANSSILVER;PUREIRON;ALCHEMICALDUPLICATION;JARVOID;NITOR;BOTTLETAINT;PUREGOLD;DISTILESSENTIA;PHIAL;TUBEFILTER;PURELEAD;THAUMIUM;TRANSLEAD;TRANSGOLD;PURECOPPER;JARLABEL;RUNICEMERGENCY;GOGGLES;ENCHFABRIC;ELEMENTALPICK;ELEMENTALAXE;TABLE;INFERNALFURNACE;BANNERS;ELEMENTALSHOVEL;LEVITATOR;HOVERGIRDLE;WARDEDARCANA;BASICARTIFACE;FLUXSCRUB;THAUMOMETER;BOOTSTRAVELLER;RESTABLE;MIRRORESSENTIA;PRIMALARROW;ARCANEEAR;GRATE;RUNICCHARGED;RUNICHEALING;HOVERHARNESS;MIRROR;ALCHGRATE;LAMPGROWTH;MASKGRINNINGDEVIL;ELEMENTALHOE;MIRRORHAND;ARCTABLE;INFUSION;RUNICKINETIC;PAVEWARD;MASKANGRYGHOST;MASKSIPPINGFIEND;ARCANELAMP;ARMORFORTRESS;BELLOWS;HELMGOGGLES;RUNICARMOR;RUNICAUGMENTATION;LAMPFERTILITY;BONEBOW;ARCANESTONE;SINSTONE;ELEMENTALSWORD;PAVETRAVEL;JARBRAIN;ARCANEBORE;INFUSIONENCHANTMENT;GOLEMCLAY;UPGRADEWATER;HUNGRYCHEST;GOLEMTALLOW;GOLEMWOOD;GOLEMFLESH;UPGRADEEARTH;TINYDART;UPGRADEFIRE;UPGRADEENTROPY;COREUSE;TINYHAMMER;TRAVELTRUNK;TINYBOWTIE;GOLEMBELL;CORESORTING;GOLEMTHAUMIUM;TINYHAT;TINYFEZ;CORELUMBER;TINYGLASSES;TINYVISOR;UPGRADEAIR;COREFISHING;COREGATHER;COREHARVEST;COREBUTCHER;COREGUARD;ADVANCEDGOLEM;TINYARMOR;COREFILL;GOLEMFETTER;GOLEMSTRAW;COREALCHEMY;GOLEMSTONE;GOLEMIRON;CORELIQUID;COREEMPTY;UPGRADEORDER;TTENCH_VALIANCE;TTENCH_SHOCKWAVE;TTENCH_ASCENT_BOOST;TTENCH_DISPERSED;FOCUS_DEFLECT;TTENCH_SLOW_FALL;TTENCH_FOCUSED;TTENCH_SHATTER;TTENCH_TUNNEL;FOCUS_HEAL;FOCUS_TELEKINESIS;TTENCH_VAMPIRISM;TTENCH_FINAL;CLEANSING_TALISMAN;REVEALING_HELM;BRIGHT_NITOR;TTENCH_QUICK_DRAW;TTENCH_POUNCE;TTENCH_DESINTEGRATE;TTENCH_AUTO_SMELT;FOCUS_ENDER_CHEST,,1,1,18xInstrumentum;15xHumanus;12xMachina;9xPerfodio;6xTerra;3xAer,,,,12,17
TT_CATEGORY,Dynamism Tablet,ANIMATION_TABLET,MAGNETS,,,2,1,15xMachina;15xMetallum;12xMotus;9xPotentia;6xOrdo;3xExanimis,,,,-8,2
TT_CATEGORY,Fume Dissipator,GAS_REMOVER,GASEOUS_SHADOW,,,0,0,2xTenebrae;2xLux,,,,-2,-7
TT_CATEGORY,Enchantment: Flaming Touch,TTENCH_AUTO_SMELT,ENCHANTER,,,0,0,15xIgnis;12xPerditio;9xPraecantatio;6xAuram;3xMetallum,,,,7,5
TT_CATEGORY,Wand Focus: Efreet's Flame,FOCUS_SMELT,FOCUSEXCAVATION,,,0,0,15xIgnis;12xPotentia;9xPraecantatio;6xAer;3xTerra,,,,-2,-2
TT_CATEGORY,Elemental Fire: Ordo,FIREORDO,INFUSION;BRIGHT_NITOR;ELDRITCHMINOR,,,5,5,15xOrdo;12xLux;9xAer;3xPraecantatio,,,,3,-3
TT_CATEGORY,Wand Focus: Ender Rift,FOCUS_ENDER_CHEST,FOCUS_DEFLECT;ENDERCHEST,,,1,1,15xAlienis;12xVacuos;9xPraecantatio;6xTenebrae;3xTerra,,,,-6,-2
TT_CATEGORY,Worldshaper's Looking Glass,PLACEMENT_MIRROR,BLOCK_TALISMAN,WARP;RESEARCH;ENCHANT;NODES;RESEARCHDUPE;ORE;ASPECTS;KNOWFRAG;RESEARCHER2;CRIMSON;NODEJAR;RESEARCHER1;NODETAPPER2;DECONSTRUCTOR;NODETAPPER1;THAUMONOMICON;PLANTS;NODEPRESERVE;PECH;NODESTABILIZER;WANDPEDFOC;VAMPBAT;ROD_bone;BASICTHAUMATURGY;FOCUSEXCAVATION;SCEPTRE;ROD_quartz_staff;FOCUSHELLBAT;VISCHARGERELAY;ROD_ice;NODESTABILIZERADV;ROD_reed;ROD_greatwood_staff;ROD_silverwood_staff;FOCUSFROST;VISAMULET;FOCALMANIPULATION;FOCUSFIRE;CAP_gold;ROD_silverwood;VISPOWER;FOCUSPOUCH;CAP_copper;ROD_reed_staff;FOCUSSHOCK;CAP_silver;ROD_quartz;FOCUSWARDING;ROD_obsidian;FOCUSPORTABLEHOLE;CAP_thaumium;ROD_greatwood;ROD_blaze;ROD_bone_staff;ROD_obsidian_staff;FOCUSTRADE;ROD_ice_staff;WANDPED;ROD_blaze_staff;ALUMENTUM;BATHSALTS;CRUCIBLE;ENTROPICPROCESSING;TRANSIRON;THAUMATORIUM;ALCHEMICALMANUFACTURE;LIQUIDDEATH;TUBES;TRANSTIN;SANESOAP;ETHEREALBLOOM;TALLOW;PURESILVER;PURETIN;TRANSCOPPER;ESSENTIACRYSTAL;ARCANESPA;CENTRIFUGE;TRANSSILVER;PUREIRON;ALCHEMICALDUPLICATION;JARVOID;NITOR;BOTTLETAINT;PUREGOLD;DISTILESSENTIA;PHIAL;TUBEFILTER;PURELEAD;THAUMIUM;TRANSLEAD;TRANSGOLD;PURECOPPER;JARLABEL;RUNICEMERGENCY;GOGGLES;ENCHFABRIC;ELEMENTALPICK;ELEMENTALAXE;TABLE;INFERNALFURNACE;BANNERS;ELEMENTALSHOVEL;LEVITATOR;HOVERGIRDLE;WARDEDARCANA;BASICARTIFACE;FLUXSCRUB;THAUMOMETER;BOOTSTRAVELLER;RESTABLE;MIRRORESSENTIA;PRIMALARROW;ARCANEEAR;GRATE;RUNICCHARGED;RUNICHEALING;HOVERHARNESS;MIRROR;ALCHGRATE;LAMPGROWTH;MASKGRINNINGDEVIL;ELEMENTALHOE;MIRRORHAND;ARCTABLE;INFUSION;RUNICKINETIC;PAVEWARD;MASKANGRYGHOST;MASKSIPPINGFIEND;ARCANELAMP;ARMORFORTRESS;BELLOWS;HELMGOGGLES;RUNICARMOR;RUNICAUGMENTATION;LAMPFERTILITY;BONEBOW;ARCANESTONE;SINSTONE;ELEMENTALSWORD;PAVETRAVEL;JARBRAIN;ARCANEBORE;INFUSIONENCHANTMENT;GOLEMCLAY;UPGRADEWATER;HUNGRYCHEST;GOLEMTALLOW;GOLEMWOOD;GOLEMFLESH;UPGRADEEARTH;TINYDART;UPGRADEFIRE;UPGRADEENTROPY;COREUSE;TINYHAMMER;TRAVELTRUNK;TINYBOWTIE;GOLEMBELL;CORESORTING;GOLEMTHAUMIUM;TINYHAT;TINYFEZ;CORELUMBER;TINYGLASSES;TINYVISOR;UPGRADEAIR;COREFISHING;COREGATHER;COREHARVEST;COREBUTCHER;COREGUARD;ADVANCEDGOLEM;TINYARMOR;COREFILL;GOLEMFETTER;GOLEMSTRAW;COREALCHEMY;GOLEMSTONE;GOLEMIRON;CORELIQUID;COREEMPTY;UPGRADEORDER;TTENCH_VALIANCE;TTENCH_SHOCKWAVE;TTENCH_ASCENT_BOOST;TTENCH_DISPERSED;FOCUS_DEFLECT;GASEOUS_SHADOW;TTENCH_SLOW_FALL;TTENCH_FOCUSED;TTENCH_SHATTER;FOCUS_DISLOCATION;TTENCH_TUNNEL;FOCUS_HEAL;FOCUS_TELEKINESIS;GASEOUS_LIGHT;TTENCH_VAMPIRISM;TTENCH_FINAL;CLEANSING_TALISMAN;REVEALING_HELM;SPELL_CLOTH;BRIGHT_NITOR;TTENCH_QUICK_DRAW;TTENCH_POUNCE;TTENCH_DESINTEGRATE;TTENCH_AUTO_SMELT;FOCUS_ENDER_CHEST,,4,4,15xCognitio;12xFabrico;9xPraecantatio;6xVitreus;3xAlienis,,,,17,16
FORBIDDEN,Thaumic Cake,ARCANECAKE,NETHERSHARDS;INFUSION,,,0,0,18xPraecantatio;15xGula;12xFames;9xFabrico;6xLimus;3xAqua,,,Gula,-12,-6
FORBIDDEN,Manasteel Caps,CAP_manasteel,ROD_livingwood;ROD_livingwood;CAP_gold;THAUMIUM,,,1,1,6xAuram;4xPraecantatio;4xMetallum,,,,1,2
FORBIDDEN,Livingwood Wand Core,ROD_livingwood,BOTANY;ROD_silverwood;INFUSION,,,1,1,8xArbor;4xPraecantatio;6xHerba,,,,-1,3
FORBIDDEN,Whisperweed,WHISPERWEED,BOTANY,,,0,0,8xHerba;10xCognitio;4xSensus,,,,-4,5
FORBIDDEN,Emerald Transmutation,TRANSEMERALD,TRANSGOLD,,,0,0,15xPermutatio;12xVitreus;9xLucrum;6xTerra;3xPraecantatio,,,,0,-6
FORBIDDEN,A long Journey,JOURNEY,SCHOOLS,,,0,0,5xIter;10xPraecantatio;3xInstrumentum,,,,-3,1
FORBIDDEN,Lord of Hellfire,HELLFIRE,NETHERSHARDS,,,0,0,18xInfernus;15xIgnis;12xIter;9xPraecantatio;6xPotentia;3xLux,,,Infernus,-8,-8
FORBIDDEN,Enchantment: Voidtouched,VOIDTOUCHED,MORPHTOOLS;VOIDMETAL,,,1,1,18xInvidia;15xAlienis;12xInstrumentum;9xFabrico;6xTenebrae;3xIgnis,,,,-8,-1
FORBIDDEN,Tainted Wand Core,ROD_tainted,ROD_silverwood;TAINTSHOVEL;INFUSION,,,2,1,18xVitium;15xPraecantatio;12xInstrumentum;9xPerditio;6xVenenum;3xTenebrae,,,,-8,3
FORBIDDEN,Bloody Scrivener's Tools,BLOODWELL,BLOODMAGIC,,,0,0,15xVictus;12xCognitio;9xSensus;6xLucrum;3xPraecantatio,,,,1,-1
FORBIDDEN,Vinteum,VINTEUM,JOURNEY;THAUMIUM;GT_ADVANCEDMETALLURGY,,,1,1,5xMetallum;10xPermutatio;3xPraecantatio;2xLucrum,,,,-4,2
FORBIDDEN,Enchantment: Consuming,CONSUMING,INFUSIONENCHANTMENT,,,0,0,18xVacuos;15xPraecantatio;12xPerditio;9xLucrum;6xGula,,,,-4,-8
FORBIDDEN,Enchantment: Fiery Core,CLUSTER,MORPHTOOLS;ELEMENTALPICK,,,0,0,18xInvidia;15xMetallum;12xInfernus;9xPotentia;6xLucrum;3xIgnis,,,,-10,-1
FORBIDDEN,Collar of Pain,SUBCOLLAR,NETHERSHARDS;VISAMULET;INFUSION,,,0,0,18xVinculum;15xAuram;12xCorpus;9xLuxuria;6xPraecantatio;3xCognitio,,,Luxuria,-11,-5
FORBIDDEN,Crystal Scribing Tools,CRYSTALWELL,RESEARCH,,,0,0,18xCognitio;15xVitreus;12xPraecantatio;9xSensus;6xAer;3xAqua,,,,-2,-8
FORBIDDEN,Blood Staff Core,ROD_blood_staff,ROD_silverwood_staff;ROD_blood,,,2,2,18xVictus;15xAqua;12xTelum;9xTerra;6xTenebrae;3xPraecantatio,,,,-3,-2
FORBIDDEN,Tainted Stone,TAINTSTONE,THAUMIUM;INFUSION;ETHEREALBLOOM,,,0,0,12xPraecantatio;9xVitium;6xTerra;3xOrdo,,,,-10,3
FORBIDDEN,Blood Wand Core,ROD_blood,ROD_silverwood;INFUSION;BLOODMAGIC,,,2,1,15xVictus;12xAqua;9xTenebrae;6xPraecantatio;3xTelum,,,,-1,-3
FORBIDDEN,Primal Scribing Tools,PRIMEWELL,PRIMPEARL,,,1,1,18xAlienis;15xCognitio;12xFabrico;9xVitreus;6xVolatus;3xOrdo,,,,2,-8
FORBIDDEN,Blood Infused Wood Staff Core,ROD_blood_wood_staff,ROD_blood_staff;ROD_blood_wood,,,4,3,18xVictus;15xInstrumentum;12xAqua;9xPraecantatio;6xPotentia;3xTenebrae,,,,7,-5
FORBIDDEN,Blood Infused Iron Caps,CAP_blood_iron,ROD_blood_wood;CAP_alchemical,,,2,1,18xVictus;15xAqua;12xPraecantatio;12xTenebrae;6xMetallum,,,,2,-5
FORBIDDEN,Enchantment: Impact,IMPACT,MORPHTOOLS;ELEMENTALSHOVEL,,,0,0,18xPerfodio;15xInstrumentum;12xInvidia;9xPerditio;6xLucrum;3xIgnis,,,,-9,-1
FORBIDDEN,Wrath Cage,WRATHCAGE,FORK,INFUSION;THAUMIUM;DISTILESSENTIA,,3,2,21xIra;18xMachina;15xBestia;12xMetallum;9xPraecantatio;6xAlienis;3xExanimis,,,,-6,-9
FORBIDDEN,Umbral Rose,BLACKFLOWER,,,,0,0,12xHerba;9xTenebrae;6xSensus;3xVictus,,,Sensus,-2,-6
FORBIDDEN,Euclidaisy,EUCLIDAISY,BOTANY;INFUSION,,,0,0,8xHerba;4xPraecantatio;12xAuram,,,,-3,5
FORBIDDEN,Chameleon Tools,MORPHTOOLS,NETHERSHARDS,THAUMIUM;INFUSIONENCHANTMENT,,3,2,18xInvidia;15xInstrumentum;12xPermutatio;9xCognitio;6xPraecantatio;3xPotentia,,,,-9,-3
FORBIDDEN,Terrasteel Caps,CAP_terrasteel,CAP_manasteel;CAP_manasteel,TRANSEMERALD,,2,2,1xPotentia;1xMetallum,,,,3,2
FORBIDDEN,Tainthistle,TAINTHISTLE,BOTANY;INFUSION,,,0,0,8xHerba;10xVitium;4xPraecantatio,,,,-2,5
FORBIDDEN,Axe of the Skulltaker,SKULLAXE,NETHERSHARDS;THAUMIUM;INFUSION,,,1,1,18xPraecantatio;15xInstrumentum;12xMortuus;9xIra;6xTelum;3xInfernus,,,,-11,-7
FORBIDDEN,Rapier of the Strix,BLOODRAPIER,BLOODMAGIC;INFUSION;VOIDMETAL,,,1,1,18xTenebrae;15xGula;12xVictus;9xFames;6xPraecantatio;3xTelum,,,,1,-2
FORBIDDEN,Dreamwood Staff,ROD_dreamwood_staff,ROD_dreamwood;ROD_silverwood_staff,,,2,1,5xAuram;10xPraecantatio;3xHerba;4xInstrumentum;5xArbor,,,,3,4
FORBIDDEN,Pickaxe of Distortion,TAINTPICK,THAUMIUM;INFUSION,,,0,0,18xVitium;15xPerditio;12xInstrumentum;9xPraecantatio;6xMortuus;3xPotentia,,,,-10,1
FORBIDDEN,Dreamwood Rod,ROD_dreamwood,ROD_livingwood,,,0,0,5xAuram;10xPraecantatio;3xHerba;4xInstrumentum;5xArbor,,,,1,4
FORBIDDEN,Tainted Tree,TAINTTREE,THAUMIUM;INFUSION;ETHEREALBLOOM,,,1,1,18xVitium;15xArbor;12xHerba;9xVenenum;6xMortuus;3xPraecantatio,,,,-11,3
FORBIDDEN,Enchantment: Wrath,WRATH,NETHERSHARDS;INFUSIONENCHANTMENT,,,2,1,18xIra;15xPraecantatio;12xTelum;9xSuperbia;6xPotentia;3xIgnis,,,,-6,-3
FORBIDDEN,Schools of Magic,SCHOOLS,,,,0,0,<empty>,,,,-1,1
FORBIDDEN,Vinteum Caps,CAP_vinteum,VINTEUM;CAP_thaumium,,,2,1,5xPermutatio;10xPraecantatio;3xLucrum;4xInstrumentum;5xMetallum,,,,-5,3
FORBIDDEN,Eldritch Blood Orb,ELDRITCHORB,BLOODMAGIC;INFUSION;PRIMPEARL;VOIDMETAL,,,3,3,18xVacuos;15xVictus;12xAlienis;9xVitreus;6xTenebrae;3xPraecantatio,,,,1,-3
FORBIDDEN,Blood Magic,BLOODMAGIC,SCHOOLS,,,0,0,<empty>,,,,-1,-1
FORBIDDEN,Infernal Wand Core,ROD_infernal,ROD_silverwood;INFUSION;NETHERSHARDS,,,2,1,15xInfernus;12xIgnis;9xAqua;6xPraecantatio;3xInstrumentum,,,,-11,-4
FORBIDDEN,Diabolist Fork,FORK,INFUSION;NETHERSHARDS;THAUMIUM,,,1,1,18xTenebrae;15xPraecantatio;12xInfernus;9xMachina;6xInstrumentum;3xTelum,,,,-6,-7
FORBIDDEN,Ring of Nutrition,RINGFOOD,NETHERSHARDS,,,0,0,15xFames;12xVictus;9xGula;6xLucrum;3xCognitio,,,,-11,-6
FORBIDDEN,Enchantment: Corrupting,CORRUPTING,NETHERSHARDS;INFUSIONENCHANTMENT,,,1,1,18xInfernus;15xVitreus;12xPermutatio;9xSpiritus;6xNebrisum;3xIgnis,,,,-6,-4
FORBIDDEN,Botany,BOTANY,SCHOOLS,,,0,0,<empty>,,,,-3,3
FORBIDDEN,Alchemical Caps,CAP_alchemical,ROD_blood;CAP_gold,,,1,1,15xVictus;12xAqua;9xInstrumentum;6xMetallum;3xPraecantatio,,,,-3,-3
FORBIDDEN,Riding Crop,RIDINGCROP,,,,0,0,<empty>,,,,0,-8
FORBIDDEN,Nether Shards,NETHERSHARDS,,,,0,0,<empty>,,,,-8,-5
FORBIDDEN,Enchantment: Capitalist,GREEDY,NETHERSHARDS;INFUSIONENCHANTMENT,,,0,0,18xLucrum;15xPraecantatio;12xTelum;9xInfernus;6xLuxuria;3xIgnis,,,,-6,-5
FORBIDDEN,Witchwood Staff,ROD_witchwood_staff,ROD_witchwood;ROD_silverwood_staff,,,2,2,5xVictus;10xPraecantatio;3xHerba;4xInstrumentum;5xArbor,,,,-2,0
FORBIDDEN,Enchantment: Educational,EDUCATIONAL,INFUSIONENCHANTMENT,,,0,0,15xCognitio;12xPraecantatio;9xTelum;6xLucrum;3xIgnis,,,,-4,-7
FORBIDDEN,Profane Wand,ROD_profane,NETHERSHARDS,,,0,0,<empty>,,,,-9,-8
FORBIDDEN,Elementium Caps,CAP_elementium,CAP_manasteel,,,0,0,8xIgnis;12xPraecantatio;8xAqua;8xAer;8xTerra,,,,3,3
FORBIDDEN,Witchwood Rod,ROD_witchwood,VINTEUM;ANOINTINGPASTE;OVEN,,,1,1,5xVictus;10xPraecantatio;3xHerba;4xInstrumentum;5xArbor,,,,-4,0
FORBIDDEN,Blood Infused Wood Cores,ROD_blood_wood,ROD_blood,,,3,2,18xVictus;15xPraecantatio;12xAqua;9xTenebrae;6xInstrumentum;3xTerra,,,,4,-5
FORBIDDEN,Shovel of the Purifier,TAINTSHOVEL,THAUMIUM;INFUSION;ETHEREALBLOOM,,,0,0,21xVitreus;18xVitium;15xInstrumentum;12xLimus;9xPraecantatio;6xVenenum;3xPermutatio,,,,-8,1
FORBIDDEN,Wand Focus: Blink,FOCUSBLINK,NETHERSHARDS;INFUSION,,,0,0,21xDesidia;18xIter;15xPerditio;12xInfernus;9xAlienis;6xTenebrae;3xPraecantatio,,,,-11,-3
MAGICBEES,Resilient Frame,RESILIENTFRAME,MB_FrameMagic;MB_EssenceArmor,,,0,0,15xTutamen;15xPannus;12xAer;9xIgnis;6xTerra;3xAqua,,,,-7,1
MAGICBEES,Thaumium Scoop,MB_Scoop,,THAUMIUM,,0,0,9xOrdo;6xTerra;3xAer,,,,-2,-3
MAGICBEES,Essence of Lost Time,MB_EssenceTime,MB_EssenceUnstable,,,0,0,12xOrdo;9xVacuos;6xVinculum;3xTempus,,,,0,2
MAGICBEES,Oblivion Frame,OBLIVIONFRAME,INFUSION;GENTLEFRAME;RESILIENTFRAME;NECROTICFRAME;METABOLICFRAME;TEMPORALFRAME;MB_EssenceOblivion,,,0,0,15xTutamen;15xPannus;12xAer;9xIgnis;6xTerra;3xAqua,,,,-10,0
MAGICBEES,Concentrated Compound,CONCENTRATEDCOMPOUND,MB_Root;MB_EssenceLife,,,0,0,15xMessis;12xSano;9xVitreus;6xPerditio,,,,2,-3
MAGICBEES,Essence of Everlasting Durability,MB_EssenceArmor,MB_EssenceLife,,,0,0,12xTutamen;9xPraecantatio;6xMetallum;3xFabrico,,,,5,0
MAGICBEES,Magic Apiary,MAGICAPIARY,MB_DimensionalSingularity,,,1,1,15xPraecantatio;12xSano;9xIgnis;6xLucrum,,,,1,7
MAGICBEES,Void Scoop,MB_ScoopVoid,MB_Scoop,VOIDMETAL,,2,1,15xPraecantatio;9xOrdo;6xTerra;3xAer,,,,-4,-4
MAGICBEES,Sanguis Artus,MB_BloodFrame,MB_FrameMagic,,,0,0,1xVictus;1xOrdo;1xSano;1xPermutatio;1xLucrum,,,,-4,3
MAGICBEES,Proven Frame,PROVENFRAME,MB_EssenceArmor,,,0,0,15xPraecantatio;12xFabrico;9xCognitio;6xPotentia,,,,7,0
MAGICBEES,Essence of False Life,MB_EssenceLife,,CRUCIBLE,,0,0,12xMetallum;9xPermutatio;6xHerba;3xTerra,,,,2,-1
MAGICBEES,Essence of Scornful Oblivion,MB_EssenceOblivion,MB_DimensionalSingularity,,,0,0,5xAlienis;5xPraecantatio;5xLucrum;5xBestia,,,,-7,4
MAGICBEES,Lore Fragments,MB_LoreFragment,MB_Root,,,0,0,<empty>,,,,0,-3
MAGICBEES,Essence of Fickle Permanence,MB_EssenceUnstable,MB_EssenceLife,,,0,0,12xPerditio;9xPermutatio;6xLimus;3xPotentia,,,,3,1
MAGICBEES,Dimensional Singularity,MB_DimensionalSingularity,MB_FrameMagic;MB_EssenceTime;MB_EssenceDeath;INFUSION,,,0,0,15xPerditio;12xPermutatio;9xLimus;6xPotentia,,,,-1,4
MAGICBEES,Maddening Frame of Frenzy,MB_FrenziedFrame,MB_FrameMagic,,,0,0,1xVictus;1xOrdo;1xSano;1xPermutatio;1xLucrum,,,,-5,3
MAGICBEES,Dragon Egg,DRAGONEGG,MB_DimensionalSingularity,,INFUSION,3,2,15xAlienis;12xPraecantatio;9xVictus;6xBestia,,,,2,5
MAGICBEES,Gentle Frame,GENTLEFRAME,MB_FrameMagic;MB_EssenceLife,,,0,0,15xVictus;15xInstrumentum;12xAer;9xIgnis;6xTerra;3xAqua,,,,-7,2
MAGICBEES,Necrotic Frame,NECROTICFRAME,MB_FrameMagic;MB_EssenceDeath,,,0,0,15xMortuus;15xFabrico;12xAer;9xIgnis;6xTerra;3xAqua,,,,-7,0
MAGICBEES,Apimancer's Drainer,MB_ApimancersDrainer,MB_EssenceUnstable;MB_DimensionalSingularity,VOIDMETAL;ESSENTIARESERVOIR,,2,1,1xAlienis;1xMeto;1xPraecantatio;1xTempus,,,,-1,7
MAGICBEES,Healing Frame,HEALINGFRAME,MB_EssenceLife,,,0,0,15xPraecantatio;12xFabrico;9xCognitio;6xVictus,,,,7,-2
MAGICBEES,Temporal Frame,TEMPORALFRAME,MB_FrameMagic;MB_EssenceTime,,,0,0,15xTempus;15xVacuos;12xAer;9xIgnis;6xTerra;3xAqua,,,,-7,-2
MAGICBEES,Apimancy,MB_Root,,,,0,0,<empty>,,,,0,0
MAGICBEES,Thaumium Grafter,MB_Grafter,MB_Scoop,,,0,0,12xOrdo;9xTerra;6xAer,,,,-2,-1
MAGICBEES,Vis Apiary Booster,MB_VisAuraProvider,MB_DimensionalSingularity,VISPOWER,,1,1,15xLucrum;12xMetallum;12xVitreus;9xOrdo;6xMotus;3xMachina,,,,-3,7
MAGICBEES,Chocolate Frame,CHOCOLATEFRAME,MB_EssenceUnstable,,,0,0,15xPraecantatio;12xFabrico;9xCognitio;6xFames,,,,7,2
MAGICBEES,Soul Frame,SOULFRAME,RESTRAINTFRAME,,,1,1,15xPraecantatio;12xFabrico;9xCognitio;6xSpiritus,,,,11,0
MAGICBEES,Magic Frame,MB_FrameMagic,MB_Root,,,0,0,15xOrdo;12xTerra;9xAer;6xPerditio,,,,-4,0
MAGICBEES,Void Grafter,MB_GrafterVoid,MB_Grafter,VOIDMETAL,,2,1,15xPraecantatio;12xOrdo;9xTerra;6xAer,,,,-4,-2
MAGICBEES,Essence of a Shallow Grave,MB_EssenceDeath,MB_EssenceUnstable,,,0,0,12xMortuus;9xPerditio;6xSpiritus;3xExanimis,,,,2,3
MAGICBEES,Golden Egg,GOLDENEGG,MB_DimensionalSingularity,,,1,1,15xAlienis;12xBestia;9xVictus;6xHumanus,,,,-4,5
MAGICBEES,Restraint Frame,RESTRAINTFRAME,PROVENFRAME;HEALINGFRAME;CHOCOLATEFRAME,,,0,0,15xPraecantatio;12xFabrico;9xCognitio;6xMetallum,,,,9,0
MAGICBEES,Enchanted Earth,ENCHANTEDEARTH,MB_EssenceLife,,,0,0,9xTerra;9xVictus;6xSano;3xOrdo,,,,5,-3
MAGICBEES,Metabolic Frame,METABOLICFRAME,MB_FrameMagic;MB_EssenceUnstable,,,0,0,15xLimus;15xPotentia;12xAer;9xIgnis;6xTerra;3xAqua,,,,-7,-1
MAGICBEES,Proven Grafter,PROVENGRAFTER,MB_Scoop,,,0,0,15xInstrumentum;12xPermutatio;9xMetallum;6xArbor,,,,-5,-3
botanichorizons,Terrasteel Wrench,BH_TERRASTEEL_WRENCH,BH_MANASTEEL_WRENCH,BH_TERRASTEEL,,0,0,1xPraecantatio;1xInstrumentum;1xTerra,,,,-6,0
botanichorizons,Alfglass flask,BH_ALFGLASS_FLASK,BH_BREWERY,BH_ALFHEIM,,0,0,1xVitreus;1xVacuos;1xVinculum;1xPraecantatio;1xLimus,,,,0,9
botanichorizons,Shards of Laputa,BH_LAPUTA,BH_ALFHEIM,ELDRITCHMAJOR,,0,0,1xTempestas;1xAer;1xTerra;1xVolatus;1xIter,,,,-2,-7
botanichorizons,Terra blade,BH_TERRASTEEL_SWORD,BH_TERRASTEEL,ELEMENTALSWORD,,0,0,1xTerra;1xPraecantatio;1xTelum;1xHumanus;1xBestia,,,,-3,-5
botanichorizons,Terra truncator,BH_TERRASTEEL_AXE,BH_TERRASTEEL,ELEMENTALAXE,,0,0,1xTerra;1xPraecantatio;1xInstrumentum;1xHumanus;1xArbor,,,,-4,-4
botanichorizons,Conjuration Catalyst,BH_CONJURATION_CATALYST,BH_ALFHEIM,BH_ALFHEIM,,0,0,1xAqua;1xPermutatio;1xPraecantatio;1xLucrum;1xFabrico;1xVacuos,,,,2,-5
botanichorizons,Magic mushrooms,BH_MUSHROOMS,BH_FLOWERS,,,0,0,1xHerba;1xPermutatio;1xTenebrae,,,,-2,6
botanichorizons,Terra shatterer,BH_TERRASTEEL_PICK,BH_TERRASTEEL,ELEMENTALPICK,,0,0,1xTerra;1xPraecantatio;1xInstrumentum;1xHumanus;1xPerfodio,,,,-4,-5
botanichorizons,Runic altar,BH_ALTAR,BH_ALCHEMY_CATALYST,INFUSION,,0,0,1xHerba;1xPermutatio;1xPraecantatio;1xAuram;1xAlienis;1xMachina,,,,0,-1
botanichorizons,Wrench of Erosion,BH_TERRASTEEL_WRENCH_XL,BH_TERRASTEEL_WRENCH,,,0,0,1xPraecantatio;1xInstrumentum;1xTerra;1xPerditio;1xIter,,,,-7,0
botanichorizons,Flower duplication,BH_FLOWERDUPE,BH_FLOWERS,,,0,0,1xHerba;1xSensus;1xPraecantatio,,,,-3,3
botanichorizons,Natura Pylon,BH_NATURA_PYLON,BH_MANA_PYLON,BH_TERRASTEEL,,0,0,1xVitreus;1xLucrum;1xCognitio;1xIter;1xHerba,,,,4,0
botanichorizons,Botanical brewery,BH_BREWERY,BH_FLOWERS,INFUSION,,0,0,1xHumanus;1xPraecantatio;1xVitreus;1xMachina,,,,0,6
botanichorizons,Alchemy Catalyst,BH_ALCHEMY_CATALYST,BH_FLOWERS,,,0,0,1xAqua;1xPermutatio;1xPraecantatio,,,,0,1
botanichorizons,Dermological overgrowth,BH_VIRUS,BH_FLOWERS,,,1,1,1xPermutatio;1xBestia;1xExanimis;1xVenenum,,,,2,6
botanichorizons,Mana Pylon,BH_MANA_PYLON,BH_FLOWERS,,,0,0,1xVitreus;1xLucrum;1xCognitio,,,,2,1
botanichorizons,Manasteel Wrench,BH_MANASTEEL_WRENCH,BH_FLOWERS,,,0,0,1xPraecantatio;1xInstrumentum;1xPermutatio,,,,-3,1
botanichorizons,Elementium Wrench,BH_ELVEN_WRENCH,BH_MANASTEEL_WRENCH,BH_ALFHEIM,,0,0,1xPraecantatio;1xInstrumentum;1xAlienis,,,,-6,-2
botanichorizons,Black lotus infusion,BH_BLACKLOTUS,BH_FLOWERCOLOUR,,,1,1,1xHerba;1xTenebrae;1xSensus;1xPermutatio,,,,5,5
botanichorizons,Floral cultivation,BH_FLOWERCOLOUR,BH_FLOWERS,,,0,0,1xHerba;1xPermutatio;1xSensus;1xFabrico,,,,3,3
botanichorizons,Magical flowers,BH_FLOWERS,,,,0,0,1xHerba;1xPermutatio;1xPraecantatio,,,,0,3
botanichorizons,Wrench of Evolution,BH_ELVEN_WRENCH_XL,BH_ELVEN_WRENCH,,,0,0,1xPraecantatio;1xInstrumentum;1xAlienis;1xIter;1xCognitio,,,,-7,-2
botanichorizons,The portal to Alfheim,BH_ALFHEIM,BH_TERRASTEEL,,,0,0,1xTerra;1xHerba;1xAlienis;1xAuram;1xIter;1xSensus,,,,0,-6
botanichorizons,Gaia Pylon,BH_GAIA_PYLON,BH_ALFHEIM,ELDRITCHMINOR,,3,2,1xAlienis;1xLucrum;1xCognitio;1xVitreus;1xTenebrae;1xVinculum,,,,2,-7
botanichorizons,Terrasteel,BH_TERRASTEEL,BH_ALTAR,,,0,0,1xTerra;1xLucrum;1xPraecantatio;1xAuram;1xMetallum;1xInstrumentum,,,,0,-3
EMT,Macerating Native Ore Clusters,Macerating Native Ore Clusters,,,,0,0,<empty>,,,,5,-7
EMT,UUMatter Infusion,UUMatterInfusion,,ElectricMagicTools,,0,0,15xFabrico;12xAlienis;9xPermutatio;6xPraecantatio;3xVitreus,,,,5,-3
EMT,Fire Infused Solar Panels,FireInfusedSolarPanels,CompressedSolars,,,0,0,15xIgnis;12xPraecantatio;9xPotentia;6xLux;3xLucrum,,,,-5,-7
EMT,Compressed Solar Panels,CompressedSolars,,ElectricMagicTools,,0,0,18xPotentia;15xLux;12xMetallum;9xPraecantatio;6xIgnis;3xAer,,,,-6,-4
EMT,Thaumium Omnitool,ThaumiumOmnitool,DiamondOmnitool,ThaumiumChainsaw;ThaumiumDrill,,1,1,15xPotentia;12xInstrumentum;9xPerfodio;6xTelum;3xVitreus,,,,-6,0
EMT,Thaumic Maintenance,Wand Focus: Maintenance,,INFUSION,,0,0,5xMachina;3xIgnis;3xOrdo;5xPotentia;5xPraecantatio;5xInstrumentum,,,,7,4
EMT,Explosion Focus,ExplosionFocus,FOCUSHELLBAT,ElectricMagicTools,,1,1,15xIgnis;12xMortuus;9xTelum;6xPraecantatio;3xPotentia,,,,5,4
EMT,Electric Hoe of Growth,ElectricHoeofGrowth,ELEMENTALHOE;ElectricMagicTools,,,0,0,15xPotentia;12xMessis;9xPraecantatio;6xHerba;3xElectrum,,,,2,-2
EMT,Electric Magic Tools,ElectricMagicTools,,,,0,0,0xTerra,,,,0,0
EMT,Entropy Infused Solar Panels,EntropyInfusedSolarPanels,CompressedSolars,,,0,0,15xPerditio;12xPraecantatio;9xPotentia;6xLux;3xLucrum,,,,-8,-6
EMT,Electric Cloud,ElectricCloud,,,,0,0,<empty>,,,,5,-6
EMT,Chainsaw of the Stream,ChainsawoftheStream,ThaumiumChainsaw,,,1,1,15xPotentia;12xLucrum;9xPraecantatio;6xAer;3xArbor,,,,0,-6
EMT,Vis-Regulated Maintenance Hatch,MagicalMaintenanceHatch,Wand Focus: Maintenance;OCULUS;VOIDMETAL,,,2,1,12xPraecantatio;8xMachina;6xAlienis;6xAequalitas;4xNebrisum,,,,7,6
EMT,Nanosuit Goggles of Revealing,NanosuitGogglesofRevealing,ElectricGogglesofRevealing,,,1,1,18xTutamen;15xPotentia;12xSensus;9xPraecantatio;6xAuram;3xElectrum,,,,-4,-2
EMT,Electric Scribing Tools,ElectricScribingTools,RESEARCH,ElectricMagicTools,,0,0,15xPotentia;12xTenebrae;9xFabrico;6xPraecantatio;3xElectrum,,,,6,-4
EMT,Solar Helmet of Revealing,SolarHelmetofRevealing,QuantumGogglesofRevealing;CompressedSolars,,,2,1,30xTutamen;27xPotentia;24xSensus;21xPraecantatio;15xAuram;12xElectrum;9xLucrum;6xAer;3xLux,,,,-2,-4
EMT,The Legend,The Legend,,,,0,0,<empty>,,,,5,-5
EMT,Diamond Chainsaw,DiamondChainsaw,ElectricMagicTools,,,0,0,12xLucrum;9xIgnis;6xMetallum;3xTerra,,,,0,-2
EMT,Thaumium Chainsaw,ThaumiumChainsaw,DiamondChainsaw,,,1,1,18xInstrumentum;15xTelum;12xPotentia;9xLucrum;6xPraecantatio;3xAer,,,,0,-4
EMT,Order Infused Solar Panels,OrderInfusedSolarPanels,CompressedSolars,,,0,0,15xOrdo;12xPraecantatio;9xPotentia;6xLux;3xLucrum,,,,-6,-8
EMT,Thaumium Drill,ThaumiumDrill,ElectricMagicTools,,,1,1,18xInstrumentum;15xPerfodio;12xPotentia;9xLucrum;6xPraecantatio;3xIgnis,,,,2,0
EMT,Nano Boots of the Traveller,NanoBootsoftheTraveller,ElectricBootsoftheTraveller,,,1,1,18xPraecantatio;15xMotus;12xPotentia;9xTutamen;6xTerra;3xVolatus,,,,4,2
EMT,Lightning Summoner,LightningSummoner,FOCUSSHOCK;NITOR;ALUMENTUM,,,0,0,15xTempestas;12xAer;9xIgnis;6xNebrisum;3xPermutatio,,,,6,-5
EMT,Tiny Uranium,TinyUranium,RESEARCH,ElectricMagicTools,,0,0,15xPermutatio;12xVenenum;9xMortuus;6xPraecantatio;3xMetallum,,,,5,-4
EMT,Diamond Omnitool,DiamondOmnitool,IronOmnitool,DiamondChainsaw,,0,0,15xPotentia;12xInstrumentum;9xPerfodio;6xTelum;3xVitreus,,,,-4,0
EMT,Energy Ball Focus,EnergyBallFocus,FOCUSSHOCK,ElectricMagicTools,,1,1,15xPotentia;18xPraecantatio;9xVictus;3xCognitio,,,,4,4
EMT,Nanosuit Wings,NanosuitWings,ThaumiumReinforcedWings,,,1,1,24xAer;21xPotentia;18xPraecantatio;15xVolatus;12xMetallum;9xVitium;6xMachina;3xTerra,,,,0,6
EMT,Automated Research,ResearchCompleter,WANDPED;WARDEDARCANA,,,0,0,8xCognitio;5xMachina;5xPermutatio;4xAuram,,,,-2,6
EMT,The One Ring,The One Ring,,,,0,0,<empty>,,,,6,-7
EMT,Quantum Wings,QuantumWings,NanosuitWings,,,2,1,27xAer;24xPotentia;21xPraecantatio;18xVolatus;15xMetallum;12xVitium;9xMachina;6xTerra;3xLucrum,,,,0,8
EMT,Thaumium Reinforced Wings,ThaumiumReinforcedWings,FeatherWings,,,1,1,21xAer;18xPotentia;15xPraecantatio;12xVolatus;9xMetallum;6xVitium;3xMachina,,,,0,4
EMT,Quantum Goggles of Revealing,QuantumGogglesofRevealing,NanosuitGogglesofRevealing,,,1,1,21xTutamen;18xPotentia;15xSensus;12xPraecantatio;9xAuram;6xLucrum;3xElectrum,,,,-2,-2
EMT,Wand Focus: Wand Charging,WandFocusWandCharging,WandFocusCharging,ElectricMagicTools;IndustrialWandChargingStation,,1,1,18xPotentia;15xFabrico;12xLucrum;9xPermutatio;6xPraecantatio;3xCognitio,,,,6,6
EMT,Portable Node,PortableNode,,ElectricMagicTools,,0,0,15xAuram;12xAlienis;9xLucrum;6xPraecantatio;3xVitreus,,,,6,-3
EMT,Armor Charging Ring,ArmorChargingRing,InventoryChargingRing,,,1,1,15xPotentia;12xTutamen;9xPraecantatio;6xElectrum;3xAuram,,,,0,-10
EMT,Thaumium Plate,ThaumiumPlate,,,,0,0,<empty>,,,,6,-6
EMT,Arbor Generator,ArborGenerator,PotentiaGenerator,ElectricMagicTools,,0,0,12xArbor;9xPermutatio;6xAqua;3xPraecantatio,,,,-2,4
EMT,Iron Omnitool,IronOmnitool,ElectricMagicTools,,,0,0,12xPotentia;9xInstrumentum;6xPerfodio;3xTelum,,,,-2,0
EMT,Quantum Boots of the Traveller,QuantumBootsoftheTraveller,NanoBootsoftheTraveller,,,1,1,21xPraecantatio;18xMotus;15xPotentia;12xTutamen;9xTerra;6xVolatus;3xAuram,,,,6,2
EMT,Air Infused Solar Panels,AirInfusedSolarPanels,CompressedSolars,,,0,0,15xAer;12xPraecantatio;9xPotentia;6xLux;3xLucrum,,,,-4,-6
EMT,Drill of the Rockbreaker,DrilloftheRockbreaker,ThaumiumDrill,,,1,1,21xInstrumentum;18xPerfodio;15xPotentia;12xLucrum;9xPraecantatio;6xIgnis;3xTerra,,,,4,0
EMT,Aer Generator,AerGenerator,PotentiaGenerator,ElectricMagicTools,,0,0,12xAer;9xPermutatio;6xAqua;3xPraecantatio,,,,-4,6
EMT,Industrial Wand Charging Station,IndustrialWandChargingStation,PotentiaGenerator;WANDPED;JARLABEL,ElectricMagicTools,,2,1,15xPermutatio;12xPotentia;9xFabrico;6xPraecantatio;3xLucrum,,,,-6,2
EMT,Lucrum Generator,LucrumGenerator,PotentiaGenerator;AerGenerator;IgnisGenerator;AuramGenerator;ArborGenerator,ElectricMagicTools,,3,2,12xLucrum;9xPermutatio;6xAqua;3xPraecantatio,,,,-4,8
EMT,Infused Quantum Сhestplate,InfusedQuantumArmor,QuantumWings,,,2,2,30xAer;27xPotentia;24xPraecantatio;21xVolatus;18xMetallum;15xVitium;12xMachina;9xTerra;6xLucrum;3xSuperbia,,,,0,10
EMT,Wand Focus: Charging,WandFocusCharging,,ElectricMagicTools,,0,0,15xPermutatio;12xPotentia;9xMachina;6xPraecantatio;3xCognitio,,,,6,4
EMT,MjolniR,Mjolnirnew,The Legend;ELEMENTALSWORD;FOCUSSHOCK;NITOR,ElectricMagicTools,,0,0,18xTelum;15xTempestas;12xAlienis;9xIra;6xAer;3xIgnis,,,,4,-5
EMT,Kris-tmas Focus,KristmasFocus,FOCUSSHOCK,ElectricMagicTools,,0,0,15xGelum;12xBestia;9xVictus;6xMortuus;3xPraecantatio,,,,3,4
EMT,Water Infused Solar Panels,WaterInfusedSolarPanels,CompressedSolars,,,0,0,15xAqua;12xPraecantatio;9xPotentia;6xLux;3xLucrum,,,,-7,-7
EMT,Auram Generator,AuramGenerator,PotentiaGenerator,ElectricMagicTools,,0,0,12xAuram;9xPermutatio;6xAqua;3xPraecantatio,,,,-4,4
EMT,Inventory Charging Ring,InventoryChargingRing,,ElectricMagicTools,,1,1,15xPotentia;12xVitreus;9xPraecantatio;6xElectrum;3xAuram,,,,0,-8
EMT,Earth Infused Solar Panels,EarthInfusedSolarPanels,CompressedSolars,,,0,0,15xTerra;12xPraecantatio;9xPotentia;6xLux;3xLucrum,,,,-6,-7
EMT,Feather Wings,FeatherWings,ElectricMagicTools,,,0,0,15xAer;12xPotentia;9xPraecantatio;6xVolatus;3xTerra,,,,0,2
EMT,Electric Boots of the Traveller,ElectricBootsoftheTraveller,BOOTSTRAVELLER,ElectricMagicTools,,0,0,15xPraecantatio;12xMotus;9xPotentia;6xTutamen;3xTerra,,,,2,2
EMT,Shield Focus,ShieldFocus,FOCUSPORTABLEHOLE,ElectricMagicTools,,0,0,15xTutamen;12xAer;9xVitreus;6xPraecantatio;3xCognitio,,,,2,4
EMT,Electric Goggles of Revealing,ElectricGogglesofRevealing,GOGGLES,ElectricMagicTools,,0,0,15xTutamen;12xPotentia;9xSensus;6xPraecantatio;3xElectrum,,,,-6,-2
EMT,Etheral Processor,EtheralProcessor,BELLOWS;DISTILESSENTIA;INFERNALFURNACE;PotentiaGenerator,ElectricMagicTools,,0,0,15xMachina;12xFabrico;9xPotentia;6xPraecantatio;3xCognitio,,,,-2,2
EMT,Shield Block,ShieldBlock,ShieldFocus,ElectricMagicTools,,0,0,15xTutamen;12xVinculum;9xCognitio;6xPraecantatio;3xAlienis,,,,2,6
EMT,Ignis Generator,IgnisGenerator,PotentiaGenerator,ElectricMagicTools,,0,0,12xIgnis;9xPermutatio;6xAqua;3xPraecantatio,,,,-6,4
EMT,Supercharged Mjolnir,SuperchargedMjolnir,Mjolnirnew;FOCUSHELLBAT;ALUMENTUM,,,0,0,21xTelum;18xTempestas;15xAlienis;12xBestia;9xIra;6xAer;3xIgnis,,,,3,-5
EMT,Potentia Generator,PotentiaGenerator,JARLABEL;FOCUSTRADE,ElectricMagicTools,,0,0,15xPotentia;12xPermutatio;9xMachina;6xPraecantatio;3xMetallum,,,,-4,2
gadomancy,Sensitivity Boost,GADOMANCY.FAMILIAR_RANGE,GADOMANCY.ETHEREAL_FAMILIAR,,,0,0,15xAlienis;12xOrdo;9xTelum;6xPraecantatio;3xTenebrae,,,,6,4
gadomancy,Golem Core: Harvest,GADOMANCY.PSEUDO.COREHARVEST,,COREHARVEST,,0,0,<empty>,,,,2,-6
gadomancy,tc.research_name.GADOMANCY.AURA.fames,GADOMANCY.AURA.fames,,,,0,0,<empty>,,,,0,0
gadomancy,tc.research_name.GADOMANCY.AURA.tempestas,GADOMANCY.AURA.tempestas,,,,0,0,<empty>,,,,0,0
gadomancy,Arcane Dropper,GADOMANCY.ARCANEDROPPER,DISTILESSENTIA;GADOMANCY.PSEUDO.BELLOWS,,,0,0,21xMachina;18xAer;15xTerra;12xOrdo;9xSensus;6xMotus;3xPraecantatio,,,,-1,-3
gadomancy,Frequency Emission Overdrive,GADOMANCY.FAMILIAR_SPEED,GADOMANCY.FAMILIAR_DAMAGE;GADOMANCY.FAMILIAR_RANGE;PRIMPEARL,,,0,0,15xMotus;12xAuram;9xTelum;6xPraecantatio;3xTenebrae,,,,8,5
gadomancy,Armor Disguise,GADOMANCY.ARMORDISGUISE,GADOMANCY.PSEUDO.INFUSIONENCHANTMENT,,,0,0,15xLimus;12xPraecantatio;9xTutamen;6xCognitio;3xNebrisum,,,,-2,0
gadomancy,tc.research_name.GADOMANCY.AURA.terra,GADOMANCY.AURA.terra,,,,0,0,<empty>,,,,0,0
gadomancy,tc.research_name.GADOMANCY.AURA.motus,GADOMANCY.AURA.motus,,,,0,0,<empty>,,,,0,0
gadomancy,tc.research_name.GADOMANCY.AURA.sano,GADOMANCY.AURA.sano,,,,0,0,<empty>,,,,0,0
gadomancy,tc.research_name.GADOMANCY.AURA.arbor,GADOMANCY.AURA.arbor,,,,0,0,<empty>,,,,0,0
gadomancy,Ancient Stones,GADOMANCY.ANCIENT_STONES,GADOMANCY.PSEUDO.OCULUS,,,0,0,15xIgnis;12xAlienis;9xPerditio;6xTerra;3xPermutatio,,,,-12,1
gadomancy,tc.research_name.GADOMANCY.AURA.gelum,GADOMANCY.AURA.gelum,,,,0,0,<empty>,,,,0,0
gadomancy,Gate of the Voidwalkers,GADOMANCY.E_PORTAL_CREATOR,GADOMANCY.NODE_MANIPULATOR;GADOMANCY.PSEUDO.OCULUS,,,2,2,21xTenebrae;18xAuram;15xIter;12xAlienis;9xVacuos;6xMachina;3xPraecantatio,,,,-10,0
gadomancy,Warded Jars and Labels,GADOMANCY.PSEUDO.JARLABEL,,JARLABEL,,0,0,<empty>,,,,-3,-7
gadomancy,Growing Nodes,GADOMANCY.GROWING,GADOMANCY.NODE_MANIPULATOR,,,0,0,<empty>,,,,-8,-1
gadomancy,tc.research_name.GADOMANCY.AURA.venenum,GADOMANCY.AURA.venenum,,,,0,0,<empty>,,,,0,0
gadomancy,tc.research_name.GADOMANCY.AURA.vitreus,GADOMANCY.AURA.vitreus,,,,0,0,<empty>,,,,0,0
gadomancy,Core Cleaning,GADOMANCY.CLEAN_AURA_CORE,GADOMANCY.AURA_CORE,,,0,0,27xAqua;24xSano;21xPraecantatio;18xAuram;15xTerra;12xIgnis;9xPerditio;6xOrdo;3xAer,,,,1,5
gadomancy,Sticky Jars,GADOMANCY.STICKYJAR,GADOMANCY.PSEUDO.JARLABEL,,,0,0,12xLimus;9xTerra;6xAer;3xPraecantatio,,,,-5,-5
gadomancy,Advanced Essentia Storage ,GADOMANCY.PSEUDO.ESSENTIARESERVOIR,,ESSENTIARESERVOIR,,0,0,<empty>,,,,-5,9
gadomancy,tc.research_name.GADOMANCY.AURA.alienis,GADOMANCY.AURA.alienis,,,,0,0,<empty>,,,,0,0
gadomancy,tc.research_name.GADOMANCY.AURA.auram,GADOMANCY.AURA.auram,,,,0,0,<empty>,,,,0,0
gadomancy,tc.research_name.GADOMANCY.AURA.tenebrae,GADOMANCY.AURA.tenebrae,,,,0,0,<empty>,,,,0,0
gadomancy,Wand Recharge Pedestal,GADOMANCY.PSEUDO.WANDPED,,WANDPED,,0,0,<empty>,,,,-9,-8
gadomancy,Book of Knowledge,GADOMANCY.KNOWLEDGE_BOOK,GADOMANCY.AURA_CORE;GOGGLES;THAUMATORIUM,,,2,2,24xCognitio;21xOrdo;18xPraecantatio;15xMachina;12xFabrico;9xMotus;6xAer;3xLucrum,1xitem.ItemAuraCore@5,,,-2,8
gadomancy,tc.research_name.GADOMANCY.AURA.praecantatio,GADOMANCY.AURA.praecantatio,,,,0,0,<empty>,,,,0,0
gadomancy,Golem Core: Break,GADOMANCY.GOLEMCOREBREAK,GADOMANCY.PSEUDO.COREHARVEST;ELEMENTALAXE;ELEMENTALPICK;ELEMENTALSHOVEL,,,0,0,15xInstrumentum;12xPerditio;9xMachina;6xPraecantatio;3xPerfodio,,,,3,-3
gadomancy,tc.research_name.GADOMANCY.AURA.lucrum,GADOMANCY.AURA.lucrum,,,,0,0,<empty>,,,,0,0
gadomancy,Corrosive Venom,GADOMANCY.FAMILIAR_POISON,GADOMANCY.ETHEREAL_FAMILIAR,,,0,0,15xVenenum;12xTelum;9xPerditio;6xTenebrae;3xPraecantatio,,,,3,2
gadomancy,Aura Effects,GADOMANCY.AURA_EFFECTS,GADOMANCY.AURA_PYLON,,,0,0,27xCognitio;24xAuram;21xPraecantatio;18xOrdo;15xIgnis;12xAer;9xAqua;6xTerra;3xPerditio,,,,1,10
gadomancy,tc.research_name.GADOMANCY.AURA.spiritus,GADOMANCY.AURA.spiritus,,,,0,0,<empty>,,,,0,0
gadomancy,tc.research_name.GADOMANCY.AURA.lux,GADOMANCY.AURA.lux,,,,0,0,<empty>,,,,0,0
gadomancy,tc.research_name.GADOMANCY.AURA.telum,GADOMANCY.AURA.telum,,,,0,0,<empty>,,,,0,0
gadomancy,Void Metal,GADOMANCY.PSEUDO.VOIDMETAL,,VOIDMETAL,,0,0,<empty>,,,,-8,-6
gadomancy,Destroying Behavior,GADOMANCY.GROWING_ATTACK,GADOMANCY.GROWING,,,0,0,<empty>,,,,-6,1
gadomancy,Aura Core,GADOMANCY.AURA_CORE,INFUSION;THAUMIUM,,,0,0,27xTenebrae;24xPraecantatio;21xAuram;18xPerditio;15xOrdo;12xAqua;9xAer;6xIgnis;3xTerra,,,,-1,6
gadomancy,Silverwood Golems,GADOMANCY.GOLEMSILVERWOOD,GADOMANCY.PSEUDO.GOLEMTALLOW,,,0,0,21xCognitio;18xMotus;15xArbor;12xPraecantatio;9xOrdo;6xCorpus;3xPermutatio,,,,1,-2
gadomancy,Ethereal Familiar,GADOMANCY.ETHEREAL_FAMILIAR,RUNICARMOR,,,0,0,18xTerra;15xPraecantatio;12xIgnis;9xAuram;6xAer;3xOrdo,,,,5,1
gadomancy,tc.research_name.GADOMANCY.AURA.perfodio,GADOMANCY.AURA.perfodio,,,,0,0,<empty>,,,,0,0
gadomancy,Secrets of growth,GADOMANCY.GROWING_GROWTHCLUE,GADOMANCY.GROWING_AGGRESSION;GADOMANCY.GROWING_GROWTH;GADOMANCY.GROWING_ATTACK,,,2,1,10xAuram;15xPraecantatio;5xAlienis;12xVacuos;12xPotentia;8xPerditio;3xMortuus;10xLucrum;10xFames;12xMachina;12xTenebrae,,,,-4,3
gadomancy,tc.research_name.GADOMANCY.AURA.exanimis,GADOMANCY.AURA.exanimis,,,,0,0,<empty>,,,,0,0
gadomancy,Aura Pylon,GADOMANCY.AURA_PYLON,GADOMANCY.AURA_CORE;TUBEFILTER,,,0,0,18xAuram;15xOrdo;12xPraecantatio;9xMachina;6xAer;3xIgnis,1xitem.ItemAuraCore@2,,,0,9
gadomancy,tc.research_name.GADOMANCY.AURA.fabrico,GADOMANCY.AURA.fabrico,,,,0,0,<empty>,,,,0,0
gadomancy,tc.research_name.GADOMANCY.AURA.perditio,GADOMANCY.AURA.perditio,,,,0,0,<empty>,,,,0,0
gadomancy,Enervation,GADOMANCY.FAMILIAR_WEAKNESS,GADOMANCY.ETHEREAL_FAMILIAR,,,0,0,15xVinculum;12xVitium;9xTelum;6xPraecantatio;3xTenebrae,,,,2,0
gadomancy,tc.research_name.GADOMANCY.AURA.cognitio,GADOMANCY.AURA.cognitio,,,,0,0,<empty>,,,,0,0
gadomancy,tc.research_name.GADOMANCY.AURA.vinculum,GADOMANCY.AURA.vinculum,,,,0,0,<empty>,,,,0,0
gadomancy,tc.research_name.GADOMANCY.AURA.bestia,GADOMANCY.AURA.bestia,,,,0,0,<empty>,,,,0,0
gadomancy,Opening the Eye,GADOMANCY.PSEUDO.OCULUS,,OCULUS,,0,0,<empty>,,,,-11,-2
gadomancy,tc.research_name.GADOMANCY.AURA.potentia,GADOMANCY.AURA.potentia,,,,0,0,<empty>,,,,0,0
gadomancy,Essentia Condenser,GADOMANCY.ESSENTIA_COMPRESSOR,GADOMANCY.AURA_CORE;GADOMANCY.PSEUDO.ESSENTIARESERVOIR,,,2,1,21xVacuos;18xPerditio;15xMachina;18xAqua;9xPraecantatio;3xPotentia,1xitem.ItemAuraCore@3,,,-4,7
gadomancy,tc.research_name.GADOMANCY.AURA.herba,GADOMANCY.AURA.herba,,,,0,0,<empty>,,,,0,0
gadomancy,tc.research_name.GADOMANCY.AURA.ignis,GADOMANCY.AURA.ignis,,,,0,0,<empty>,,,,0,0
gadomancy,Growing Behavior,GADOMANCY.GROWING_GROWTH,GADOMANCY.GROWING,,,0,0,<empty>,,,,-7,2
gadomancy,tc.research_name.GADOMANCY.AURA.mortuus,GADOMANCY.AURA.mortuus,,,,0,0,<empty>,,,,0,0
gadomancy,Arcane Packager,GADOMANCY.ARCANE_PACKAGER,GADOMANCY.AURA_CORE;WARDEDARCANA,,,0,0,18xMachina;15xAer;12xVacuos;9xPraecantatio;6xPotentia;3xArbor,1xitem.ItemAuraCore@1,,,2,7
gadomancy,Automated Infusion,GADOMANCY.INFUSIONCLAW,FOCUSPRIMAL;GADOMANCY.PSEUDO.VOIDMETAL;GADOMANCY.PSEUDO.WANDPED;COREUSE,,,0,0,21xAlienis;18xMachina;15xPraecantatio;12xOrdo;9xTenebrae;6xMotus;3xCognitio,,,,-6,-7
gadomancy,Golemic Shielding,GADOMANCY.GOLEMRUNICSHIELD,GADOMANCY.GOLEMSILVERWOOD,,,0,0,15xAuram;12xMotus;9xTutamen;6xPraecantatio;3xOrdo,,,,0,0
gadomancy,Arcane Bellows,GADOMANCY.PSEUDO.BELLOWS,,BELLOWS,,0,0,<empty>,,,,-2,-5
gadomancy,tc.research_name.GADOMANCY.AURA.iter,GADOMANCY.AURA.iter,,,,0,0,<empty>,,,,0,0
gadomancy,Golem Core: Guard,GADOMANCY.PSEUDO.COREGUARD,,COREGUARD,,0,0,<empty>,,,,4,-5
gadomancy,Enervation Field Emitter,GADOMANCY.BLOCK_PROTECTOR,GADOMANCY.STICKYJAR,,,0,0,21xCognitio;18xBestia;15xTerra;12xOrdo;9xAuram;6xLux;3xTutamen,,,,-6,-2
gadomancy,tc.research_name.GADOMANCY.AURA.vitium,GADOMANCY.AURA.vitium,,,,0,0,<empty>,,,,0,0
gadomancy,tc.research_name.GADOMANCY.AURA.sensus,GADOMANCY.AURA.sensus,,,,0,0,<empty>,,,,0,0
gadomancy,Golem Core: Bodyguard,GADOMANCY.GOLEMCOREBODYGUARD,BOOTSTRAVELLER;ELEMENTALSWORD;GADOMANCY.PSEUDO.COREGUARD,,,0,0,18xInstrumentum;15xOrdo;12xMachina;9xTelum;6xTutamen;3xAuram,,,,5,-3
gadomancy,Infusion Enchantment,GADOMANCY.PSEUDO.INFUSIONENCHANTMENT,,INFUSIONENCHANTMENT,,0,0,<empty>,,,,-1,2
gadomancy,tc.research_name.GADOMANCY.AURA.pannus,GADOMANCY.AURA.pannus,,,,0,0,<empty>,,,,0,0
gadomancy,tc.research_name.GADOMANCY.AURA.volatus,GADOMANCY.AURA.volatus,,,,0,0,<empty>,,,,0,0
gadomancy,tc.research_name.GADOMANCY.AURA.humanus,GADOMANCY.AURA.humanus,,,,0,0,<empty>,,,,0,0
gadomancy,tc.research_name.GADOMANCY.AURA.aer,GADOMANCY.AURA.aer,,,,0,0,<empty>,,,,0,0
gadomancy,tc.research_name.GADOMANCY.AURA.victus,GADOMANCY.AURA.victus,,,,0,0,<empty>,,,,0,0
gadomancy,tc.research_name.GADOMANCY.AURA.ordo,GADOMANCY.AURA.ordo,,,,0,0,<empty>,,,,0,0
gadomancy,Thaumic Sight,GADOMANCY.REVEALER,GADOMANCY.PSEUDO.INFUSIONENCHANTMENT;GOGGLES,,,0,0,15xAer;12xSensus;9xPraecantatio;6xAlienis;3xCognitio,,,,1,3
gadomancy,tc.research_name.GADOMANCY.AURA.limus,GADOMANCY.AURA.limus,,,,0,0,<empty>,,,,0,0
gadomancy,Aggressive Behavior,GADOMANCY.GROWING_AGGRESSION,GADOMANCY.GROWING,,,0,0,<empty>,,,,-5,0
gadomancy,Mirrored Jars,GADOMANCY.REMOTEJAR,GADOMANCY.PSEUDO.JARLABEL;MIRRORESSENTIA,,,0,0,15xMachina;12xOrdo;9xAqua;6xTerra;3xAlienis,,,,-4,-3
gadomancy,tc.research_name.GADOMANCY.AURA.tutamen,GADOMANCY.AURA.tutamen,,,,0,0,<empty>,,,,0,0
gadomancy,Node Manipulator,GADOMANCY.NODE_MANIPULATOR,GADOMANCY.PSEUDO.VOIDMETAL;WANDPEDFOC;PAVEWARD;GADOMANCY.PSEUDO.WANDPED,,,2,2,27xNebrisum;24xAlienis;21xVacuos;18xPraecantatio;15xAuram;12xLucrum;9xMachina;6xTenebrae;3xPermutatio,,,,-9,-4
gadomancy,tc.research_name.GADOMANCY.AURA.aqua,GADOMANCY.AURA.aqua,,,,0,0,<empty>,,,,0,0
gadomancy,Lightning Impact,GADOMANCY.FAMILIAR_SHOCK,GADOMANCY.ETHEREAL_FAMILIAR,,,0,0,15xAer;12xTempestas;9xTelum;6xPraecantatio;3xTenebrae,,,,4,-1
gadomancy,Flash Burn,GADOMANCY.FAMILIAR_FIRE,GADOMANCY.ETHEREAL_FAMILIAR,,,0,0,15xIgnis;12xInfernus;9xTelum;6xPraecantatio;3xTenebrae,,,,6,-1
gadomancy,Tallow Golems,GADOMANCY.PSEUDO.GOLEMTALLOW,,GOLEMTALLOW,,0,0,<empty>,,,,0,-5
gadomancy,Arc Amplification,GADOMANCY.FAMILIAR_DAMAGE,GADOMANCY.ETHEREAL_FAMILIAR;VOIDMETAL,,,0,0,15xPotentia;12xIgnis;9xTelum;6xPraecantatio;3xTenebrae,,,,8,2
gadomancy,tc.research_name.GADOMANCY.AURA.instrumentum,GADOMANCY.AURA.instrumentum,,,,0,0,<empty>,,,,0,0
TM,Edge of the Primordials,PrimalBladeGTNH,CreationShardGTNH;VOIDMETAL;PRIMALCRUSHER,EvilshardsGTNH;CrystalDaggerGTNH,,5,5,24xPraecantatio;21xAlienis;18xTelum;15xTenebrae;12xVacuos;9xAuram;6xPotentia;3xCognitio,,,,11,-5
TM,Shadowmetal Fortress Blade,ShadowMetalKatanaGTNH,VoidMetalKatanaGTNH,ShadowmetalGTNH,,5,4,24xTenebrae;21xMetallum;18xTelum;15xVacuos;12xPraecantatio;9xMotus;6xPotentia;3xMortuus,,,,8,-1
TM,Voidmetal Fortress Blade,VoidMetalKatanaGTNH,ThaumiumKatanaGTNH,VOIDMETAL,,3,3,21xMetallum;18xTelum;15xVacuos;12xPraecantatio;9xMotus;6xPotentia;3xMortuus,,,,7,0
TM,Cloth Caps,CAP_cloth,CAP_gold;ENCHFABRIC,,,1,1,12xPraecantatio;9xPannus;6xSano;3xAlienis,,,,7,5
TM,Magic Funguar,MagicFunguarGTNH,TAINTEDMAGIC,,,1,1,15xGula;12xFames;9xLucrum;6xPraecantatio;3xHerba,,,,3,-2
TM,Boots of the Voidwalker,VoidWalkerBootsGTNH,TMELDRITCHMAJOR;BOOTSTRAVELLER,TAINTEDMAGIC;ShadowmetalGTNH,,2,2,21xTenebrae;18xTutamen;15xAlienis;12xPraecantatio;9xIter;6xAer;3xVolatus,,,,4,-8
TM,Wand Focus: Tainted Storm,TaintFocusGTNH,EvilshardsGTNH;BOTTLETAINT;TAINTSHOVEL,,,2,2,18xVitium;15xAqua;12xLimus;9xAer;6xPraecantatio;3xPotentia,,,,5,2
TM,Tainted Inscription,INSCRIPTIONTAINT,ThaumiumKatanaGTNH,INFUSION,,2,1,15xVitium;12xMetallum;9xCorpus;6xPraecantatio;3xPotentia,,,,9,2
TM,Shard of Creation,CreationShardGTNH,TMELDRITCHMAJOR;PRIMPEARL,,,5,5,21xAer;21xAqua;21xIgnis;21xTerra;21xOrdo;21xPerditio,,,,8,-5
TM,Wand Focus: Vis Shard,FocusShardGTNH,EvilshardsGTNH;FOCUSFIRE,,,1,1,18xMotus;15xVitreus;12xPraecantatio;9xAer;6xPerditio;3xOrdo,,,,3,1
TM,Wand Focus: Time,FocusTimeGTNH,CreationShardGTNH;FOCUSPORTABLEHOLE;FOCUSFIRE,,,5,5,27xTempus;24xPraecantatio;21xAqua;18xIgnis;15xTerra;12xOrdo;9xPerditio;6xAer;3xPermutatio,,,,11,-8
TM,Crimson Forgery,KnightRobesGTNH,ELDRITCHMINOR;CrimsonRobesGTNH,,,2,2,21xPannus;18xPermutatio;15xTutamen;12xAlienis;9xTenebrae;6xPraecantatio;3xMetallum,,,,-4,-4
TM,Warpwood,WarpTreeGTNH,EvilshardsGTNH,ShadowmetalGTNH,,2,1,18xAlienis;15xTenebrae;12xVitium;9xArbor;6xPraecantatio;3xHerba,,,,6,-1
TM,Shadowmetal,ShadowmetalGTNH,TAINTEDMAGIC,,,1,1,12xMetallum;9xPraecantatio;6xTenebrae;3xPotentia,,,,0,1
TM,Wand Focus: Dark Matter,EldritchFocusGTNH,CreationShardGTNH;FOCUSPORTABLEHOLE,ShadowmetalGTNH;EvilshardsGTNH,,2,2,18xAlienis;15xPerditio;12xAer;9xTenebrae;6xPotentia;3xIra,,,,8,-4
TM,Voidsent Blood,VoidsentGTNH,PraetorarmorGTNH,,,1,1,33xTenebrae;18xTutamen;15xVacuos;9xAuram;6xPraecantatio;3xAlienis,,,,-7,-5
TM,Tier 5 Upgrade: Bloodlust,BLOODLUSTUPGRADE,CrystalDaggerGTNH,FOCALMANIPULATION,,1,1,15xAqua;12xSano;9xTelum;6xPraecantatio;3xIra,,,,1,-4
TM,Void Fortress Armor,VoidFortressGTNH,TMELDRITCHMAJOR;VOIDMETAL;ARMORFORTRESS,ShadowmetalGTNH,,3,2,21xTutamen;18xVacuos;15xAlienis;12xTenebrae;9xVictus;6xCognitio;3xTerra,,,,7,-8
TM,Voidwalker's Sash of Runic Shielding,VoidSashGTNH,VoidWalkerBootsGTNH;RUNICARMOR;VOIDMETAL,TAINTEDMAGIC;ShadowmetalGTNH,,2,2,24xMetallum;21xVacuos;18xTutamen;15xPraecantatio;12xAlienis;9xTenebrae;6xIter;3xAer,,,,3,-8
TM,Volcanic Inscription,INSCRIPTIONFIRE,ThaumiumKatanaGTNH,INFUSION;FOCUSFIRE,,1,1,15xIgnis;12xMetallum;9xLux;6xPraecantatio;3xPotentia,,,,9,1
TM,Warped Goggles Of Revealing,WarpedGogglesGTNH,ShadowmetalGTNH;GOGGLES,EvilshardsGTNH,,1,1,15xTutamen;12xAlienis;9xTenebrae;6xSensus;3xAer,,,,2,3
TM,Advanced Crimson Forgery,PraetorarmorGTNH,KnightRobesGTNH,,,3,2,24xPannus;21xPermutatio;18xTutamen;15xAlienis;12xTenebrae;9xPraecantatio;6xMetallum;3xPotentia,,,,-6,-4
TM,Wand Focus: Tainted Shockwave,FocusTaintedBlastGTNH,TaintFocusGTNH;FOCUSFIRE;ELDRITCHMINOR;FOCUSSHOCK,,,3,3,21xPraecantatio;18xVitium;18xMotus;12xAer;9xPerditio;6xTelum,,,,5,3
TM,Shadow Fortress Armor,ShadowFortressArmorGTNH,VoidFortressGTNH,ShadowmetalGTNH,,5,5,24xTutamen;21xVacuos;18xAlienis;15xTenebrae;12xVictus;9xCognitio;6xTerra;3xSuperbia,,,,8,-9
TM,Crimson Blade,CrimsonBladeGTNH,PraetorarmorGTNH,,,3,2,18xPerditio;15xTelum;12xVacuos;9xTenebrae;6xMetallum;3xPotentia,,,,-7,-3
TM,Undead Inscription,INSCRIPTIONUNDEAD,ThaumiumKatanaGTNH,INFUSION;BATHSALTS,,2,2,15xSano;12xMetallum;9xExanimis;6xPraecantatio;3xPotentia,,,,8,3
TM,Wand Focus: Mage's Mace,MaceFocusGTNH,ShadowmetalGTNH;FOCUSFIRE,TAINTEDMAGIC,,1,1,18xPerditio;15xTerra;12xPraecantatio;9xTelum;6xMetallum;3xCognitio,,,,0,4
TM,Thaumic Disassembler,ThaumicdisassemblerGTNH,TMELDRITCHMAJOR;VOIDMETAL,,,2,2,18xTelum;15xMetallum;12xInstrumentum;9xPraecantatio;6xAlienis;3xVitium,,,,5,-6
TM,Warpwood Staff Core,ROD_warpwood_staff,ROD_warpwood,,,3,2,18xArbor;15xTenebrae;12xAlienis;9xPraecantatio;6xPotentia;3xInstrumentum,,,,9,-2
TM,Wand Focus: Meteorology,FocusWeatherGTNH,CreationShardGTNH;FOCUSSHOCK;FOCUSFROST,,,5,5,27xVolatus;24xPraecantatio;21xAqua;18xIgnis;15xTerra;12xOrdo;9xPerditio;6xAer;3xTempestas,,,,12,-7
TM,A Disturbing Find,TAINTEDMAGIC,,,,0,0,<empty>,,,,2,-1
TM,Crystal Blood,CrystalDaggerGTNH,TAINTEDMAGIC;ENCHFABRIC;ESSENTIACRYSTAL;VOIDMETAL,ShadowmetalGTNH,,2,1,18xTelum;15xIgnis;12xSano;9xFames;6xInfernus;3xLucrum,,,,0,-3
TM,Unbalanced Shards,EvilshardsGTNH,TAINTEDMAGIC,,,1,1,15xInfernus;12xVitreus;9xPraecantatio;6xTenebrae;3xAlienis,,,,4,0
TM,Crimson Seamstry,CrimsonRobesGTNH,CrystalDaggerGTNH;VOIDMETAL,TAINTEDMAGIC;ShadowClothGTNH,,1,1,18xPannus;15xPermutatio;12xTutamen;9xAlienis;6xTenebrae;3xPraecantatio,,,,-2,-5
TM,Eldritch Revelation,TMELDRITCHMAJOR,,,,0,0,<empty>,,,,6,-7
TM,Voidmetal Goggles of Revealing,VoidgogglesGTNH,WarpedGogglesGTNH;VOIDMETAL,,,3,2,21xSensus;18xVacuos;15xPraecantatio;12xTenebrae;9xVitreus;6xAlienis;3xMetallum,,,,3,5
TM,Shadow-Imbued Cloth Caps,CAP_shadowcloth,CAP_thaumium;ShadowClothGTNH,,,1,1,18xPraecantatio;15xPannus;12xTenebrae;9xVacuos;6xMetallum;3xAlienis,,,,-2,3
TM,Thaumium Fortress Blade,ThaumiumKatanaGTNH,ARMORFORTRESS,ShadowmetalGTNH,,2,1,18xMetallum;15xTelum;12xPraecantatio;9xMotus;6xPotentia;3xMortuus,,,,7,1
TM,Creation,CREATION,,,,3,2,4xPraecantatio,,,,10,-6
TM,Warpwood Wand Rod,ROD_warpwood,WarpTreeGTNH;VOIDMETAL;VOIDMETAL;PRIMPEARL;ROD_primal_staff,ShadowmetalGTNH,,2,1,18xArbor;15xTenebrae;12xAlienis;9xPraecantatio;6xInstrumentum;3xTerra,,,,8,-2
TM,Shadow-Imbued Cloth,ShadowClothGTNH,ShadowmetalGTNH;ENCHFABRIC,,,1,1,15xPannus;12xTenebrae;9xPraecantatio;6xAer;3xTutamen,,,,-1,2
TM,Crimson-Stained Cloth Caps,CAP_crimsoncloth,CrimsonRobesGTNH,CAP_cloth,,2,2,18xTenebrae;15xPraecantatio;12xPannus;9xSano;6xAqua;3xAlienis,,,,-1,-6
TM,Shadowmetal Wand Caps,CAP_shadowmetal,CAP_shadowcloth;CAP_void;PRIMPEARL,,,4,4,21xMetallum;18xTenebrae;15xPraecantatio;12xAlienis;9xTerra;6xLucrum;3xCognitio,,,,-4,4
THAUMICBASES,Infusion,TB.INFUSION,,,,0,0,<empty>,,,,0,-3
THAUMICBASES,Silverwood Wand Core,TB.ROD_silverwood,,,,0,0,<empty>,,,,-12,6
THAUMICBASES,Thaumic Relocation,TB.Relocator,TB.LEVITATOR,,,0,0,4xMotus;4xAer;4xVacuos,,,,6,7
THAUMICBASES,Thaumium Alchemical Furnace,TB.AdvAlc,TB.THAUMIUM;TB.DISTILESSENTIA;TB.BELLOWS,,,0,0,16xMotus;16xAer;8xIgnis;4xFabrico,,,,8,2
THAUMICBASES,Thaumium Anvil,TB.ThaumicAnvil,TB.THAUMIUM,,,1,1,4xMetallum;3xFabrico,,,,10,2
THAUMICBASES,Vaporising,TB.Vaporising,TB.INFUSIONENCHANTMENT,,,0,0,8xPraecantatio;8xVitreus;8xVinculum,,,,-3,7
THAUMICBASES,Miner's Tobacco,TB.Tobacco.Mining,TB.Tobacco,,,0,0,4xPerfodio;4xMotus,,,,8,-7
THAUMICBASES,Plax,TB.Plax,TB.BasicPlants,,,0,0,1xMessis;1xPannus,,,,-11,-2
THAUMICBASES,Manipulator Foci: Destruction,TB.NodeFoci.Destr,TB.NodeMan,,,1,1,8xAuram;8xMortuus;8xVacuos,,,,2,-10
THAUMICBASES,Node Linking,TB.NodeLinker,TB.VISPOWER,,,0,0,8xMachina;8xAuram;16xIter;8xPraecantatio,,,,5,-6
THAUMICBASES,Simple Duplication,TB.SimpleDublication,TB.CRUCIBLE,,,0,0,6xPermutatio;6xOrdo,,,,3,5
THAUMICBASES,Advanced Node Stabilizer,TB.NODESTABILIZERADV,,,,0,0,<empty>,,,,-2,-7
THAUMICBASES,Rosa Mysteria,TB.Knose,TB.Aurelia,TB.CrystalBlocks,,0,0,6xVictus;6xCognitio;6xTerra,,,,-10,2
THAUMICBASES,Thauminite Wand Caps,CAP_thauminite,TB.Thauminite,,,1,1,4xMetallum;3xPraecantatio;4xAuram,,,,5,0
THAUMICBASES,Void Metal Anvil,TB.VoidAnvil,TB.VOIDMETAL;TB.ThaumicAnvil,,,2,2,4xMetallum;3xFabrico;4xInstrumentum;4xAlienis,,,,13,2
THAUMICBASES,Wispy Tobacco,TB.Tobacco.Wispy,TB.Tobacco,TB.INFUSION,,0,0,4xAuram;4xPraecantatio,,,,15,-9
THAUMICBASES,Reed Bracelets,TB.Bracelet.Reed,TB.ROD_reed,TB.Bracelet.Greatwood,,0,0,3xAer;3xPraecantatio;3xFabrico;3xAuram;3xPermutatio,,,,-19,6
THAUMICBASES,Greatwood Bracelets,TB.Bracelet.Greatwood,TB.Bracelet.Gold;TB.ROD_greatwood,,,0,0,3xArbor;3xPraecantatio;3xPotentia,,,,-10,8
THAUMICBASES,Mage's Campfire,TB.Campfire,,,,0,0,3xIgnis;3xCognitio;3xPerditio,,,,9,5
THAUMICBASES,Blaze Rod Wand Core,TB.ROD_blaze,,,,0,0,<empty>,,,,-15,5
THAUMICBASES,Thauminite,TB.Thauminite,TB.THAUMIUM,,,0,0,4xMetallum;3xPraecantatio;8xVitreus;2xFabrico,,,,6,-1
THAUMICBASES,Wand Focus: Liquid Drain,TB.Foci.Drain,TB.INFUSION,FOCUSEXCAVATION;JARVOID,,0,0,6xAqua;3xVacuos,,,,-3,-2
THAUMICBASES,Decorative Blocks,TB.DecoBlocks,,,,0,0,<empty>,,,,0,2
THAUMICBASES,Revolver Upgrade: Eldritch,TB.Revolver.Eldritch,TB.Revolver,,,1,1,8xAlienis;8xVacuos,,,,-13,-7
THAUMICBASES,Manipulator Foci: Brightness,TB.NodeFoci.Bright,TB.NodeMan;TB.PRIMPEARL,,,0,0,8xAuram;8xLux,,,,0,-11
THAUMICBASES,Wand Focus: Experience,TB.Foci.Experience,TB.INFUSION,FOCUSEXCAVATION,,0,0,16xLucrum;16xFames;2xPerfodio;8xCognitio,,,,-2,-5
THAUMICBASES,Obsidian Bracelets,TB.Bracelet.Obsidian,TB.ROD_obsidian,TB.Bracelet.Greatwood,,0,0,3xTerra;3xPraecantatio;3xFabrico;3xAuram;3xPermutatio,,,,-19,10
THAUMICBASES,Node Manipulation,TB.NodeMan,TB.INFUSION;TB.NODESTABILIZERADV;TB.VISPOWER,,,1,1,8xMachina;8xAuram;16xPotentia;8xPraecantatio,,,,0,-8
THAUMICBASES,Enchanted Fabric,TB.ENCHFABRIC,,,,0,0,<empty>,,,,8,-3
THAUMICBASES,Tainted Tobacco,TB.Tobacco.Tainted,TB.Tobacco,,,2,1,4xCognitio;4xVitium,,,,15,-8
THAUMICBASES,Silverwood Bracelets,TB.Bracelet.Silverwood,TB.Bracelet.Greatwood;TB.ROD_silverwood,,,0,0,3xOrdo;3xPraecantatio;3xArbor;3xAuram;3xPermutatio,,,,-12,8
THAUMICBASES,Revolver Upgrade: Power,TB.Revolver.Power,TB.Revolver,,,0,0,8xTelum;8xMachina,,,,-16,-10
THAUMICBASES,Revolver Upgrade: Efficiency,TB.Revolver.Efficiency,TB.Revolver,,,0,0,8xOrdo;8xPermutatio,,,,-19,-8
THAUMICBASES,Revolver Upgrade: Primal,TB.Revolver.Primal,TB.Revolver,,,2,2,8xTelum;8xAuram;16xAer;16xAqua;16xTerra;16xIgnis;16xOrdo;16xPerditio,,,,-15,-5
THAUMICBASES,Redlon,TB.Redlon,TB.Metalleat,,,0,0,6xVictus;6xMachina;6xPotentia;6xMessis;6xOrdo;8xLucrum,,,,-10,-6
THAUMICBASES,Bone Wand Core,TB.ROD_bone,,,,0,0,<empty>,,,,-15,11
THAUMICBASES,Revolver Upgrade: Knowledge,TB.Revolver.Knowledge,TB.Revolver,,,0,0,8xCognitio;8xPraecantatio,,,,-18,-10
THAUMICBASES,Rainbow Cacti,TB.RainbowCacti,TB.Metalleat,,,0,0,6xVictus;6xPraecantatio;6xPermutatio;6xMessis;6xPerditio;8xSensus,,,,-11,-6
THAUMICBASES,Revolver Upgrade: tainted,TB.Revolver.Tainted,TB.Revolver,,,2,1,8xVitium;8xPraecantatio,,,,-18,-4
THAUMICBASES,Primordial Pearl ,TB.PRIMPEARL,,,,0,0,<empty>,,,,0,-13
THAUMICBASES,Revolver Upgrade: Speed,TB.Revolver.Speed,TB.Revolver,,,0,0,8xMotus;8xAer,,,,-19,-9
THAUMICBASES,Iron Spikes,TB.Spike.Iron,TB.ENCHFABRIC,,,0,0,6xTelum;6xFames;6xMetallum,,,,10,-3
THAUMICBASES,Nether Tree,TB.NetherSapling,TB.GoldenOak,,,0,0,8xArbor;8xIgnis;8xInfernus,,,,-17,0
THAUMICBASES,Revolver Upgrade: Piercing,TB.Revolver.Piercing,TB.Revolver,,,0,0,8xTelum;8xAer,,,,-17,-10
THAUMICBASES,Primal Bracelets,TB.Bracelet.Primal,TB.ROD_primal_staff;TB.Bracelet.Bone;TB.Bracelet.Quartz;TB.Bracelet.Ice;TB.Bracelet.Obsidian;TB.Bracelet.Blaze;TB.Bracelet.Reed;TB.Bracelet.Silverwood,,,2,2,6xAer;6xAqua;6xTerra;6xIgnis;6xOrdo;6xPerditio;12xPraecantatio;12xAlienis,,,,-17,8
THAUMICBASES,Revolver Upgrade: Silver,TB.Revolver.Silver,TB.Revolver,,,0,0,8xMortuus;8xExanimis,,,,-13,-9
THAUMICBASES,Ice Bracelets,TB.Bracelet.Ice,TB.ROD_ice,TB.Bracelet.Greatwood,,0,0,3xAqua;3xPraecantatio;3xFabrico;3xAuram;3xPermutatio,,,,-17,6
THAUMICBASES,Crying Obsidian,TB.CryingObs,TB.INFUSION,,,1,1,8xIter;8xVictus;8xSpiritus,,,,3,-4
THAUMICBASES,Void Seeds,TB.VoidSeed,TB.VOIDMETAL,,,3,2,6xVictus;6xAlienis;6xTenebrae,,,,16,3
THAUMICBASES,Thaumic Wand Rod,ROD_tbthaumium,TB.THAUMIUM,,,0,0,4xMetallum;3xPraecantatio;4xAuram;2xFabrico;6xHumanus,,,,10,-1
THAUMICBASES,Infusion Enchantment,TB.INFUSIONENCHANTMENT,,,,0,0,<empty>,,,,0,8
THAUMICBASES,Basic Alchemy,TB.CRUCIBLE,,,,0,0,<empty>,,,,0,3
THAUMICBASES,Obsidian Wand Core,TB.ROD_obsidian,,,,0,0,<empty>,,,,-19,11
THAUMICBASES,Silverwood Smoking Pipe,TB.SilverwoodPipe,TB.Tobacco,TB.INFUSION,,0,0,8xOrdo;8xSano;8xAuram,,,,13,-9
THAUMICBASES,Concentrated Taint,TB.TaintFlask,TB.INFUSION,BOTTLETAINT,,3,2,10xVitium;15xAlienis;8xPerditio;12xPermutatio,,,,1,-1
THAUMICBASES,Salis Mundus Duplication,TB.SM,TB.CRUCIBLE;TB.Quicksilver;TB.Amber,,,0,0,4xAer;4xAqua;4xTerra;4xIgnis;4xOrdo;4xPerditio,,,,3,3
THAUMICBASES,Staff Core of the Primal,TB.ROD_primal_staff,,,,0,0,<empty>,,,,-19,8
THAUMICBASES,Primal Shrooms,TB.Ashroom,TB.Aurelia,,,0,0,6xVictus;6xPerditio;6xAuram;6xAer;4xMessis,,,,-9,2
THAUMICBASES,Making Quicksilver,TB.Quicksilver,TB.CRUCIBLE,,,0,0,6xArbor;6xOrdo,,,,3,2
THAUMICBASES,Thaumaturge's Arsenal,TB.Revolver,,TB.INFUSION,,0,0,5xTelum;5xIgnis;4xVacuos;2xInstrumentum;2xPotentia,,,,-16,-7
THAUMICBASES,Revolver Upgrade: Heavy,TB.Revolver.Heavy,TB.Revolver,,,0,0,8xTelum;8xMetallum,,,,-19,-6
THAUMICBASES,Revolver Upgrade: Dueling,TB.Revolver.Dueling,TB.Revolver,,,0,0,8xMortuus;8xHumanus,,,,-15,-10
THAUMICBASES,Entity Deconstructor Improvements,TB.EntityDecAdv,TB.EntityDec,,,0,0,8xCognitio;8xMortuus,,,,5,-3
THAUMICBASES,Thaumium Bracelets,TB.Bracelet.Thaumium,TB.Bracelet.Greatwood,TB.THAUMIUM;CAP_thauminite,,0,0,3xMetallum;3xPraecantatio;3xPotentia;3xAuram,,,,-10,11
THAUMICBASES,Revolver Upgrade: Void,TB.Revolver.Void,TB.Revolver,,,1,1,8xVacuos;8xMetallum,,,,-19,-5
THAUMICBASES,Manipulator Foci: Stability,TB.NodeFoci.Stability,TB.NodeMan,,,0,0,8xAuram;8xOrdo;8xPermutatio,,,,1,-11
THAUMICBASES,Entropy Destruction,TB.StrongEntropy,TB.AdvancedEntropy,,,0,0,2xPerditio;2xTelum,,,,-1,1
THAUMICBASES,Greatwood Wand Core,TB.ROD_greatwood,,,,0,0,<empty>,,,,-10,6
THAUMICBASES,Manipulator Foci: Instability,TB.NodeFoci.Unstable,TB.NodeMan,,,0,0,8xAuram;8xPerditio;8xVacuos,,,,-2,-10
THAUMICBASES,Essentia Distillation,TB.DISTILESSENTIA,,,,0,0,<empty>,,,,6,2
THAUMICBASES,Peaceful Tree,TB.PeacefulSapling,TB.GoldenOak,,,0,0,8xVictus;8xSano;8xArbor,,,,-18,-1
THAUMICBASES,Void Spikes,TB.Spike.Void,TB.Spike.Thaumic,TB.VOIDMETAL,,2,1,6xTelum;6xAlienis;6xTutamen,,,,15,-2
THAUMICBASES,Magic Touch,TB.MagicTouch,TB.INFUSIONENCHANTMENT,,,0,0,8xPraecantatio;8xAuram;8xTelum,,,,-1,6
THAUMICBASES,Fluxium,TB.Flaxium,TB.Aurelia,,,1,1,6xVictus;6xPerditio;6xAuram;6xPraecantatio,,,,-11,2
THAUMICBASES,Lazullia,TB.Lazullia,TB.Metalleat,,,0,0,6xVictus;6xPraecantatio;6xLucrum;6xVitreus;6xHerba;8xSensus,,,,-8,-5
THAUMICBASES,Quartz Wand Core,TB.ROD_quartz,,,,0,0,<empty>,,,,-17,11
THAUMICBASES,Void Bracelets,TB.Bracelet.Void,TB.Bracelet.Silverwood,TB.VOIDMETAL,,1,1,3xVacuos;3xPraecantatio;3xAlienis;3xAuram;3xPermutatio,,,,-12,11
THAUMICBASES,Manipulator Foci: Hunger,TB.NodeFoci.Hunger,TB.NodeMan,,,0,0,8xAuram;16xFames;16xPotentia,,,,4,-9
THAUMICBASES,Alchemy Restoration,TB.AlchemyRestoration,TB.CRUCIBLE,,,0,0,3xOrdo;3xPraecantatio;3xFabrico,,,,-3,4
THAUMICBASES,Eldritch Bane,TB.EldritchBane,TB.INFUSIONENCHANTMENT,,,0,0,8xMortuus;8xAlienis;8xTelum,,,,-1,10
THAUMICBASES,Magical Tobacco,TB.Tobacco,,TB.Plax,,0,0,4xMessis;4xMeto;4xHumanus;4xCognitio,,,,11,-7
THAUMICBASES,Saturating Tobacco,TB.Tobacco.Saturating,TB.Tobacco,,,0,0,4xCorpus;4xFames,,,,10,-9
THAUMICBASES,Metalleat,TB.Metalleat,TB.BasicPlants,,,0,0,6xVictus;6xPraecantatio;6xMetallum;6xPermutatio,,,,-10,-4
THAUMICBASES,Manipulator Foci: Taint,TB.NodeFoci.Taint,TB.NodeMan,,,2,1,8xAuram;16xVitium;8xPotentia,,,,3,-10
THAUMICBASES,Revolver Upgrade: Accuracy,TB.Revolver.Accuracy,TB.Revolver,,,0,0,8xOrdo;8xMachina;4xSensus,,,,-19,-7
THAUMICBASES,Revolver Upgrade: Bane Of Arthropods,TB.Revolver.Atropods,TB.Revolver,,,0,0,8xMortuus;8xBestia;4xPannus,,,,-14,-10
THAUMICBASES,Manipulator Foci: Purity,TB.NodeFoci.Purity,TB.NodeMan,,,0,0,8xAuram;8xVictus;8xOrdo,,,,-1,-11
THAUMICBASES,Lucrite,TB.Lucrite,TB.Metalleat,TB.SMB,,1,1,6xLucrum;6xPraecantatio;6xHerba;6xFames,,,,-9,-6
THAUMICBASES,Thaumic Nature,TB.BasicPlants,,TB.CRUCIBLE,,0,0,2xMessis;2xHerba,,,,-8,-2
THAUMICBASES,Tainted,TB.Tainted,TB.INFUSIONENCHANTMENT,,,2,1,16xVitium,,,,-3,9
THAUMICBASES,Arcane Levitator,TB.LEVITATOR,,,,0,0,<empty>,,,,6,5
THAUMICBASES,Wand Focus: Flux Scrubber,TB.Foci.Flux,TB.INFUSION,JARVOID;FLUXSCRUB,,0,0,4xAqua;4xOrdo;4xVacuos,,,,-2,-1
THAUMICBASES,Overchanting,TB.Overchanter,TB.INFUSION,,,0,0,8xAer;8xAqua;8xTerra;8xIgnis;8xOrdo;8xPerditio;8xCognitio;8xPraecantatio,,,,-5,-3
THAUMICBASES,Harnessing Vis,TB.VISPOWER,,,,0,0,<empty>,,,,2,-7
THAUMICBASES,Advanced Entropy Manufacturing,TB.AdvancedEntropy,TB.CRUCIBLE,,,0,0,3xPerditio;3xPraecantatio;3xFabrico,,,,-3,2
THAUMICBASES,Salis Mundus Blocks,TB.SMB,TB.SM,,,0,0,6xAer;6xAqua;6xTerra;6xIgnis;6xOrdo;6xPerditio;2xFabrico,,,,4,3
THAUMICBASES,Arcane Bellows,TB.BELLOWS,,,,0,0,<empty>,,,,6,3
THAUMICBASES,Void Metal,TB.VOIDMETAL,,,,0,0,<empty>,,,,15,1
THAUMICBASES,Entropy Manufacturing Mastered!,TB.MasterEntropy,TB.AdvancedEntropy,,,0,0,8xPerditio;4xPraecantatio;2xLucrum,,,,-5,1
THAUMICBASES,Brazier of Warding,TB.Brazier,TB.Campfire,,,0,0,3xIgnis;3xCognitio;3xPerditio;3xPraecantatio;3xMotus,,,,9,7
THAUMICBASES,Gold Bracelet,TB.Bracelet.Gold,TB.Bracelet.Iron;TB.CAP_gold,,,0,0,3xMetallum;3xPraecantatio;3xLucrum,,,,-8,8
THAUMICBASES,Eldritch Tobacco,TB.Tobacco.Eldritch,TB.Tobacco,TB.INFUSION,,1,1,4xMortuus;4xAlienis,,,,14,-7
THAUMICBASES,Manipulator Foci: Efficiency,TB.NodeFoci.Efficiency,TB.NodeMan,,,0,0,8xAuram;8xPraecantatio;8xPotentia,,,,-4,-8
THAUMICBASES,Crystal Cluster Blocks,TB.CrystalBlocks,TB.AlchemyRestoration,,,0,0,8xAer;8xAqua;8xTerra;8xIgnis;8xOrdo;8xPerditio,,,,-4,5
THAUMICBASES,Blaze Bracelets,TB.Bracelet.Blaze,TB.ROD_blaze,TB.Bracelet.Greatwood,,0,0,3xIgnis;3xPraecantatio;3xFabrico;3xAuram;3xPermutatio,,,,-15,6
THAUMICBASES,Entity Deconstructor,TB.EntityDec,TB.INFUSION,,,1,1,8xCognitio;8xMortuus;8xSpiritus,,,,3,-2
THAUMICBASES,Making Amber,TB.Amber,TB.CRUCIBLE,,,0,0,6xVinculum;6xOrdo,,,,3,4
THAUMICBASES,Quartz Bracelets,TB.Bracelet.Quartz,TB.ROD_quartz,TB.Bracelet.Greatwood,,0,0,3xOrdo;3xPraecantatio;3xFabrico;3xAuram;3xPermutatio,,,,-17,10
THAUMICBASES,Bone Bracelets,TB.Bracelet.Bone,TB.ROD_bone,TB.Bracelet.Greatwood,,1,1,3xPerditio;3xPraecantatio;3xFabrico;3xAuram;3xPermutatio,,,,-15,10
THAUMICBASES,Thaumic Bracelets,TB.Bracelet.Iron,,,,0,0,3xMetallum;3xPraecantatio,,,,-6,7
THAUMICBASES,Reed Wand Core,TB.ROD_reed,,,,0,0,<empty>,,,,-19,5
THAUMICBASES,Relaxing Tobacco,TB.Tobacco.Sanity,TB.Tobacco,,,0,0,4xOrdo;4xCognitio,,,,9,-8
THAUMICBASES,Ender Tree,TB.EnderSapling,TB.GoldenOak,,,0,0,8xArbor;8xAlienis;8xVacuos,,,,-17,-2
THAUMICBASES,Elder Wisdom,TB.ElderKnowledge,TB.INFUSIONENCHANTMENT,,,0,0,8xPraecantatio;8xCognitio;8xTelum,,,,-2,8
THAUMICBASES,Bloody Thaumaturge's Robes,TB.BloodyRobes,TB.Spike.Iron,,,2,1,6xFames;6xCorpus;6xTutamen,,,,12,-4
THAUMICBASES,Wand Focus: Activation,TB.Foci.Activation,TB.INFUSION,MIRRORHAND,,0,0,4xIter;4xMotus;4xSensus,,,,-3,-4
THAUMICBASES,Glieonia,TB.Glieonia,TB.Aurelia,,,0,0,6xVictus;6xLux;6xSensus;6xIgnis;4xHerba,,,,-12,1
THAUMICBASES,Manipulator Foci: Sinister,TB.NodeFoci.Sinister,TB.NodeMan,,,0,0,8xAuram;8xExanimis;8xPerditio,,,,-3,-10
THAUMICBASES,Gold Wand Caps,TB.CAP_gold,,,,0,0,<empty>,,,,-8,10
THAUMICBASES,Alchemy Backprocessing,TB.Backprocessing,TB.AlchemyRestoration;TB.AdvancedEntropy,,,0,0,8xOrdo;8xPermutatio;8xFabrico,,,,-6,3
THAUMICBASES,Aurelia,TB.Aurelia,TB.BasicPlants,,,1,1,6xVictus;6xPraecantatio;6xAuram,,,,-10,0
THAUMICBASES,Angry Tobacco,TB.Tobacco.Angry,TB.Tobacco,,,0,0,4xTelum;4xFames,,,,11,-9
THAUMICBASES,Icy Wand Core,TB.ROD_ice,,,,0,0,<empty>,,,,-17,5
THAUMICBASES,Incendium,TB.Pyrofluid,TB.CRUCIBLE,,,0,0,16xIgnis;6xPraecantatio;8xAlienis;6xLucrum,,,,1,6
THAUMICBASES,Void Wand Rod,ROD_tbvoid,ROD_tbthaumium;TB.VOIDMETAL,,,2,2,4xAlienis;3xPraecantatio;4xAuram;2xVacuos;6xCognitio,,,,13,-1
THAUMICBASES,Thaumic Dendrology,TB.GoldenOak,TB.Briar,TB.INFUSION,,0,0,8xLucrum;8xFames;8xMessis,,,,-15,-1
THAUMICBASES,Ore Destruction,TB.OreDestruction,TB.MasterEntropy,,,0,0,8xPerditio;4xPraecantatio;1xOrdo;1xIgnis;1xAer;1xTerra;1xAqua,,,,-7,1
THAUMICBASES,Wisdom Tobacco,TB.Tobacco.Wisdom,TB.Tobacco,,,0,0,4xCognitio;4xAer,,,,13,-6
THAUMICBASES,Thaumic Spikes,TB.Spike.Thaumic,TB.Spike.Iron,TB.THAUMIUM,,1,1,6xTelum;6xPraecantatio;6xMachina,,,,13,-3
THAUMICBASES,Magical Metallurgy,TB.THAUMIUM,,,,0,0,<empty>,,,,8,0
THAUMICBASES,Manipulator Foci: Speed,TB.NodeFoci.Speed,TB.NodeMan,,,0,0,8xAuram;8xMotus;8xPotentia,,,,-4,-9
THAUMICBASES,Briar,TB.Briar,TB.Plax,,,0,0,4xMessis;4xHerba;4xSano,,,,-13,-3
THAUMICBASES,Revolver Upgrade: Bane Of Eldritch,TB.Revolver.EldritchBane,TB.Revolver,,,0,0,8xMortuus;4xAlienis,,,,-13,-8
TX,Boots of the Comet,CometsbootsGTNH,TXBOOTSTRAVELLER;FOCUSFROST;INFUSION,,,0,0,15xIter;12xAqua;9xGelum;6xMotus;3xPraecantatio,,,,5,-3
TX,Soul Brazier,SoulbraizerGTNH,TXTALLOW;ELDRITCHMINOR;VOIDMETAL;INFUSION;SANESOAP,,,0,0,15xAuram;12xAlienis;9xTenebrae;6xMortuus;3xPraecantatio,,,,-6,-10
TX,Necromancer's Staff Core,ROD_NECROMANCER_staff,TXROD_greatwood_staff,BraincureGTNH,,2,1,21xMortuus;18xInstrumentum;15xPerditio;12xAuram;9xSpiritus;6xExanimis;3xCognitio,,,,-3,1
TX,Infusion Enchantment,TXINFUSIONENCHANTMENT,,,,0,0,<empty>,,,,-5,-6
TX,Mechanist's Wand Caps,CAP_MECHANIST,TXCAP_thaumium;NODETAPPER2,,,0,0,15xAuram;12xMachina;9xPotentia;6xLucrum;3xInstrumentum,,,,-9,-6
TX,Basic Artifacing,TXBASICARTIFACE,,,,0,0,<empty>,,,,3,1
TX,Sojourner's Wand Caps,CAP_SOJOURNER,TXCAP_thaumium;WANDPED,,,0,0,15xAuram;12xPermutatio;9xPotentia;6xLucrum;3xInstrumentum,,,,-5,-8
TX,Magic Tallow,TXTALLOW,,,,0,0,<empty>,,,,-6,-11
TX,Enchantment: Binding,ENCHBINDING,TXINFUSIONENCHANTMENT;INFUSIONENCHANTMENT,,,1,1,15xVinculum;12xPerditio;9xIter;6xSuperbia;3xCognitio,,,,-7,-4
TX,Enchantment: Night Vision,ENCHNIGHTVISION,TXINFUSIONENCHANTMENT;INFUSIONENCHANTMENT,,,1,1,15xSensus;12xLux;9xTenebrae;6xIgnis;3xCognitio,,,,-5,-4
TX,Amber Wand Core,ROD_AMBER,TXROD_greatwood,,,0,0,15xAuram;12xInstrumentum;9xPraecantatio;6xVinculum;3xVitreus,,,,-5,-1
TX,Everfull Urn,UrnGTNH,TXINFUSION;ARCANEEAR,,,0,0,15xAqua;12xPraecantatio;9xVacuos;6xAlienis;3xLucrum,,,,3,-10
TX,Transmutative Wand Core,ROD_TRANSMUTATION,TXROD_greatwood;TXBASICARTIFACE,TXINFUSION,,0,0,15xPermutatio;12xInstrumentum;9xPraecantatio;6xAlienis;3xTerra,,,,-1,-1
TX,Transmutative Staff Core,ROD_TRANSMUTATION_staff,TXROD_greatwood_staff;ROD_TRANSMUTATION;TXBASICARTIFACE,,,0,0,18xPermutatio;15xInstrumentum;12xPraecantatio;9xAlienis;6xTerra;3xArbor,,,,0,0
TX,Thaumostatic Harness,TXHOVERHARNESS,,,,0,0,<empty>,,,,2,-12
TX,Enchantment: Disarming,ENCHDISARM,TXINFUSIONENCHANTMENT;INFUSIONENCHANTMENT,,,1,1,15xVinculum;12xLimus;9xTelum;6xPraecantatio;3xCognitio,,,,-3,-4
TX,Greatwood Wand Core,TXROD_greatwood,,,,0,0,<empty>,,,,-3,-2
TX,Taintacle Ring,TENTACLERING,TAINTBASICS,INFUSION;BraincureGTNH,,1,1,15xVitium;12xTelum;9xTutamen;6xAlienis;3xPraecantatio,,Thaumcraft.Taintacle,,-11,2
TX,Oblivion Jar,TrashjarGTNH,TXJARVOID;TXINFUSION;WARDEDARCANA;HUNGRYCHEST,,,1,1,15xPerditio;12xVacuos;9xFames;6xAlienis;3xPraecantatio,,,,5,-9
TX,Thaumic Replicator,ReplicatorGTNH,DISTILESSENTIA;TXINFUSION;TXDISTILESSENTIA;THAUMIUM,,,1,1,15xLucrum;12xFabrico;9xMachina;6xOrdo;3xPraecantatio,,,,4,-5
TX,Amber Staff Core,ROD_AMBER_staff,TXROD_greatwood_staff,TXBASICARTIFACE,,0,0,18xVinculum;15xInstrumentum;12xPraecantatio;12xAlienis;6xAuram,,,,-6,0
TX,Floating Candles,FloatingcandleGTNH,TXTALLOW,,,0,0,12xAer;9xPannus;6xPraecantatio;3xVolatus,,,,-7,-9
TX,Magic Staves,TXROD_greatwood_staff,,,,0,0,<empty>,,,,-3,3
TX,Seal of Jar Binding,JarsealGTNH,TALLOW;JARLABEL,,,0,0,18xVinculum;15xAlienis;12xPraecantatio;9xIter;6xTerra;3xAqua,,,,-7,-2
TX,Crucible of Souls,CrucsoulGTNH,TXDISTILESSENTIA;TXINFUSION,BraincureGTNH,,2,2,18xSpiritus;15xMortuus;12xFames;9xExanimis;6xTelum;3xAlienis,,,,5,-7
TX,Everburn Urn,BurnGTNH,UrnGTNH,,,0,0,15xIgnis;12xPraecantatio;9xVacuos;6xAlienis;3xLucrum,,,,4,-11
TX,Think Tank,THINKTANK,RESEARCHER2;BraincureGTNH,INFUSION;INFUSION,,1,1,4xExanimis;8xCognitio;6xSensus;2xLucrum,,,,-1,-5
TX,Wispy Dreamcatcher,DreamcatcherGTNH,TAINTBASICS,,,0,0,15xVitium;12xCognitio;9xInstrumentum;6xMetallum;3xPraecantatio,,,,-7,2
TX,Infusion,TXINFUSION,,,,0,0,<empty>,,,,2,-7
TX,Boots of the Traveler,TXBOOTSTRAVELLER,TXINFUSION,,,0,0,<empty>,,,,1,-4
TX,Talisman of Nourishment,TalismanfoodtGTNH,FleshcureGTNH;TXINFUSION,,,0,0,18xFames;15xPannus;12xMessis;9xSano;6xPermutatio;3xOrdo,,,,-1,-11
TX,Flesh Purification,FleshcureGTNH,TXTALLOW,,,0,0,15xPannus;12xTutamen;9xCorpus;6xPermutatio;3xAlienis,,,,-4,-10
TX,Taint,TAINTBASICS,,,,0,0,<empty>,,,,-9,0
TX,Void Jar,TXJARVOID,,,,0,0,<empty>,,,,7,-10
TX,Shard Rings,DiacountringsGTNH,TXBASICARTIFACE,,,0,0,12xVitreus;9xPraecantatio;6xLucrum;3xAlienis,,,,1,3
TX,Essentia Distillation,TXDISTILESSENTIA,,,,0,0,<empty>,,,,7,-6
TX,Thaumostatic Stabilizer,StabilizerbeltGTNH,TXHOVERHARNESS;TXINFUSION,,,0,0,18xOrdo;15xTerra;12xIter;9xSuperbia;6xTutamen;3xPraecantatio,,,,1,-10
TX,Brain Sanitization,BraincureGTNH,TXINFUSION;JARBRAIN;FleshcureGTNH,,,0,0,18xOrdo;15xCognitio;12xHumanus;9xExanimis;6xAlienis;3xPermutatio,,,,-2,-8
TX,Thaumium Wand Caps,TXCAP_thaumium,,,,0,0,<empty>,,,,-7,-7
TX,Boots of the Meteor,MeteorbootsGTNH,TXBOOTSTRAVELLER;FOCUSFIRE;INFUSION,,,0,0,15xIter;12xIgnis;9xPotentia;6xVolatus;3xPraecantatio,,,,2,-1
RBRINGS,The Spellslinger's First Combination,RBSPELLSLINGERSRINGOFTHEEARTH,RBTHEORYRINGOFCOMBINATIONS,,,0,0,12xTerra;12xAqua;12xPerditio;24xPraecantatio;12xAuram,,,,-5,-1
RBRINGS,The Spellcaster's First Combination,RBSPELLCASTERSRINGOFTHESKY,RBTHEORYRINGOFCOMBINATIONS,,,0,0,12xAer;12xIgnis;12xOrdo;24xPraecantatio;12xAuram,,,,-5,-3
RBRINGS,The Master Mage's Entropy Ring,RBMASTERSRINGOFPERDITIO,RBARCHMAGESRINGOFPERDITIO;PRIMPEARL,,,0,0,8xPerditio;16xPraecantatio;8xAuram,,,,0,0
RBRINGS,The Magician's Water Ring,RBMAGICIANSRINGOFAQUA,RBAPPRENTICERINGOFAQUA,,,0,0,4xAqua;8xPraecantatio;4xAuram,,,,-3,1
RBRINGS,Ring Combinations,RBTHEORYRINGOFCOMBINATIONS,RBMASTEROFTHEELEMENTALRINGS,,,0,0,8xAer;8xTerra;8xIgnis;8xAqua;8xOrdo;8xPerditio;16xPraecantatio;8xAuram,,,,-4,-2
RBRINGS,Protection Theory,RBTHEORYRINGOFMAGICALPROTECTION,RBMASTEROFTHEELEMENTALRINGS;RUNICAUGMENTATION,,,0,0,8xAer;8xTerra;8xIgnis;8xAqua;8xOrdo;8xPerditio;16xPraecantatio;8xAuram,,,,4,-2
RBRINGS,The Exotic Thaumaturge's Ring,RBEXOTICTHAUMATURGESRING,RBTHAUMATURGESRING,,,0,0,16xTerra;16xAer;16xIgnis;16xAqua;16xOrdo;16xPerditio;48xPraecantatio;16xAuram,,,,-8,-3
RBRINGS,A Ring of Air,RBAPPRENTICERINGOFAER,,,,0,0,2xAer;4xPraecantatio,1xitem.ItemBaubleBlanks@3,,,-4,-6
RBRINGS,A Ring of Order,RBAPPRENTICERINGOFORDO,,,,0,0,2xOrdo;4xPraecantatio,1xitem.ItemBaubleBlanks@7,,,0,-7
RBRINGS,The Master Mage's Earth Ring,RBMASTERSRINGOFTERRA,RBARCHMAGESRINGOFTERRA;PRIMPEARL,,,0,0,8xTerra;16xPraecantatio;8xAuram,,,,1,-3
RBRINGS,The Master Mage's Order Ring,RBMASTERSRINGOFORDO,RBARCHMAGESRINGOFORDO;PRIMPEARL,,,0,0,8xOrdo;16xPraecantatio;8xAuram,,,,0,-4
RBRINGS,The Magician's Order Ring,RBMAGICIANSRINGOFORDO,RBAPPRENTICERINGOFORDO,,,0,0,4xOrdo;8xPraecantatio;4xAuram,,,,0,-6
RBRINGS,A Ring of Entropy,RBAPPRENTICERINGOFPERDITIO,,,,0,0,2xPerditio;4xPraecantatio,1xitem.ItemBaubleBlanks@8,,,0,3
RBRINGS,The Runeforged Thaumaturge's Ring,RBRUNEFORGEDTHAUMATURGESRING,RBEXOTICTHAUMATURGESRING,,,0,0,16xTerra;16xAer;16xIgnis;16xAqua;16xOrdo;16xPerditio;64xPraecantatio;16xAuram,,,,-8,-1
RBRINGS,The Archmage's Entropy Ring,RBARCHMAGESRINGOFPERDITIO,RBMAGICIANSRINGOFPERDITIO;INFUSION,,,0,0,6xPerditio;12xPraecantatio;6xAuram,,,,0,1
RBRINGS,The Master Mage's Fire Ring,RBMASTERSRINGOFIGNIS,RBARCHMAGESRINGOFIGNIS;PRIMPEARL,,,0,0,8xIgnis;16xPraecantatio;8xAuram,,,,1,-1
RBRINGS,The Magician's Earth Ring,RBMAGICIANSRINGOFTERRA,RBAPPRENTICERINGOFTERRA,,,0,0,4xTerra;8xPraecantatio;4xAuram,,,,3,-5
RBRINGS,The Master Mage's Water Ring,RBMASTERSRINGOFAQUA,RBARCHMAGESRINGOFAQUA;PRIMPEARL,,,0,0,8xAqua;16xPraecantatio;8xAuram,,,,-1,-1
RBRINGS,The Second Combination of the Sky,RBEXOTICRINGOFTHESKY,RBSPELLCASTERSRINGOFTHESKY,,,0,0,14xAer;14xIgnis;14xOrdo;28xPraecantatio;14xAuram,,,,-6,-4
RBRINGS,The Archmage's Earth Ring,RBARCHMAGESRINGOFTERRA,RBMAGICIANSRINGOFTERRA;INFUSION,,,0,0,6xTerra;12xPraecantatio;6xAuram,,,,2,-4
RBRINGS,The Final Combination of the Sky,RBRUNEFORGEDRINGOFTHESKY,RBEXOTICRINGOFTHESKY,,,0,0,16xAer;16xIgnis;16xOrdo;32xPraecantatio;16xAuram,,,,-7,-5
RBRINGS,A Ring of Earth,RBAPPRENTICERINGOFTERRA,,,,0,0,2xTerra;4xPraecantatio,1xitem.ItemBaubleBlanks@4,,,4,-6
RBRINGS,The Magician's Fire Ring,RBMAGICIANSRINGOFIGNIS,RBAPPRENTICERINGOFIGNIS,,,0,0,4xIgnis;8xPraecantatio;4xAuram,,,,3,1
RBRINGS,The Thaumaturge's Ring,RBTHAUMATURGESRING,RBRUNEFORGEDRINGOFTHESKY;RBRUNEFORGEDRINGOFTHEEARTH;RBTHEORYRINGOFCOMBINATIONS,,,0,0,16xTerra;16xAer;16xIgnis;16xAqua;16xOrdo;16xPerditio;32xPraecantatio;16xAuram,,,,-7,-2
RBRINGS,The Final Combination of the Earth,RBRUNEFORGEDRINGOFTHEEARTH,RBEXOTICRINGOFTHEEARTH,,,0,0,16xTerra;16xAqua;16xPerditio;32xPraecantatio;16xAuram,,,,-7,1
RBRINGS,The Magician's Entropy Ring,RBMAGICIANSRINGOFPERDITIO,RBAPPRENTICERINGOFPERDITIO,,,0,0,4xPerditio;8xPraecantatio;4xAuram,,,,0,2
RBRINGS,The Archmage's Fire Ring,RBARCHMAGESRINGOFIGNIS,RBMAGICIANSRINGOFIGNIS;INFUSION,,,0,0,6xIgnis;12xPraecantatio;6xAuram,,,,2,0
RBRINGS,A Ring of Water,RBAPPRENTICERINGOFAQUA,,,,0,0,2xAqua;4xPraecantatio,1xitem.ItemBaubleBlanks@6,,,-4,2
RBRINGS,The Archmage's Water Ring,RBARCHMAGESRINGOFAQUA,RBMAGICIANSRINGOFAQUA;INFUSION,,,0,0,6xAqua;12xPraecantatio;6xAuram,,,,-2,0
RBRINGS,Master of the Rings,RBMASTEROFTHEELEMENTALRINGS,RBMASTERSRINGOFAER;RBMASTERSRINGOFORDO;RBMASTERSRINGOFTERRA;RBMASTERSRINGOFIGNIS;RBMASTERSRINGOFPERDITIO;RBMASTERSRINGOFAQUA,,,0,0,8xAer;8xTerra;8xIgnis;8xAqua;8xOrdo;8xPerditio;16xPraecantatio;8xAuram,,,,0,-2
RBRINGS,The Magician's Air Ring,RBMAGICIANSRINGOFAER,RBAPPRENTICERINGOFAER,,,0,0,4xAer;8xPraecantatio;4xAuram,,,,-3,-5
RBRINGS,The Archmage's Air Ring,RBARCHMAGESRINGOFAER,RBMAGICIANSRINGOFAER;INFUSION,,,0,0,6xAer;12xPraecantatio;6xAuram,,,,-2,-4
RBRINGS,A Ring of Fire,RBAPPRENTICERINGOFIGNIS,,,,0,0,2xIgnis;4xPraecantatio,1xitem.ItemBaubleBlanks@5,,,4,2
RBRINGS,The Master Mage's Air Ring,RBMASTERSRINGOFAER,RBARCHMAGESRINGOFAER;PRIMPEARL,,,0,0,8xAer;16xPraecantatio;8xAuram,,,,-1,-3
RBRINGS,The Archmage's Order Ring,RBARCHMAGESRINGOFORDO,RBMAGICIANSRINGOFORDO;INFUSION,,,0,0,6xOrdo;12xPraecantatio;6xAuram,,,,0,-5
RBRINGS,The Second Combination of the Earth,RBEXOTICRINGOFTHEEARTH,RBSPELLSLINGERSRINGOFTHEEARTH,,,0,0,14xTerra;14xAqua;14xPerditio;28xPraecantatio;14xAuram,,,,-6,0
THAUMICBOOTS,Eldritch Celestial Bodies,TB_Explorations_Tainted_Compat,TB_Explorations_Core;TB_Tainted_Core;TB_Core_Research,,,0,0,25xTabernus;25xCaelum;25xAlienis;15xPermutatio,,,,3,-2
THAUMICBOOTS,Artificial Void Magicks,TB_EMT_Tainted_Compat,TB_Tainted_Core;TB_EMT_Core;TB_Core_Research,,,0,0,25xTabernus;25xAlienis;25xPotentia;15xPermutatio,,,,0,3
THAUMICBOOTS,Artificial Magicks,TB_EMT_Core,,,,0,0,25xTabernus;25xPotentia;15xPermutatio,,,,-3,2
THAUMICBOOTS,Unique Magicks,TB_Unique_Boots,TB_Core_Research,,,0,0,25xTabernus;25xPermutatio;25xInstrumentum;25xPraecantatio;25xPotentia,,,,-2,0
THAUMICBOOTS,Thaumaturgic Shoemaking,TB_Core_Research,THAUMIUM,,,0,0,10xTabernus;10xPermutatio,,,,0,0
THAUMICBOOTS,Celestial Magicks,TB_Explorations_Core,,,,0,0,25xTabernus;25xCaelum;15xPermutatio,,,,0,-3
THAUMICBOOTS,Combined Celestial Magicks,TB_Explorations_Compat,TB_Core_Research;TB_Explorations_Core,,,0,0,25xTabernus;25xCaelum;15xPermutatio,,,,0,-2
THAUMICBOOTS,Void Magicks,TB_Tainted_Core,,,,0,0,25xTabernus;25xAlienis;15xPermutatio,,,,3,2
THAUMICBOOTS,Seasonal Magicks,TB_Seasonal_Boots,TB_Core_Research,,,0,0,25xTabernus;25xPermutatio;25xGelum;25xPraecantatio;25xPotentia,,,,2,0
THAUMICBOOTS,Stabilized Seasonal Magicks,TB_Seasonal_Stabilized,TB_Seasonal_Boots,,,0,0,50xVinculum;25xVitreus;25xPermutatio;25xGelum;25xLux,,,,4,0
THAUMICBOOTS,Artificial Celestial Magicks,TB_Explorations_EMT_Compat,TB_Core_Research;TB_Explorations_Core;TB_EMT_Core,,,0,0,25xTabernus;25xCaelum;15xPotentia;15xPermutatio,,,,-3,-2
ThaumicHorizons,Alchemical Incubation,alchIncubation,alcheponics,,,0,0,4xBestia;2xVictus;2xIgnis,,,,2,0
ThaumicHorizons,Blast Phials,blastPhial,essentiaInjection,,,0,0,2xVictus;2xIgnis;2xPerditio,,,,6,3
ThaumicHorizons,Nightmare,nightmareInfusion,horseInfusion;LEVITATOR,,,0,0,4xIgnis;3xVacuos;3xIter,,,,17,-7
ThaumicHorizons,Runic Hide,runicCreature,generalInfusion;RUNICAUGMENTATION,,,0,0,4xPotentia;4xTutamen;4xPraecantatio,,,,15,-3
ThaumicHorizons,Horse Infusions,horseInfusion,generalInfusion,,,0,0,4xBestia;5xIter;4xAlienis,,,,15,-5
ThaumicHorizons,Chicken Infusions,chickenInfusion,generalInfusion,,,0,0,5xBestia;5xLimus;3xLucrum;3xTenebrae,,,,11,-5
ThaumicHorizons,Wand Focus: Animation,focusAnimation,PRIMPEARL;golemPowder,,,0,0,5xHumanus;5xMotus;5xSpiritus;3xFabrico,,,,12,-1
ThaumicHorizons,Wand Focus: Liquefaction,focusLiquefaction,focusIllumination;FOCUSEXCAVATION,,,0,0,3xIgnis;3xMetallum;2xPermutatio,,,,1,8
ThaumicHorizons,Wand Focus: Disintegration,focusDisintegration,focusLiquefaction;alchemite;LIQUIDDEATH,,,0,0,3xPraecantatio;2xVitreus;3xPerditio,,,,3,8
ThaumicHorizons,Reincarnation,cloneVillager,incarnationVat;soulAssembler,,nightmare,2,1,8xSpiritus;8xHumanus;8xSano,,,,11,4
ThaumicHorizons,Alchemite,alchemite,,ESSENTIACRYSTAL,,0,0,2xIgnis;2xPerditio;4xPotentia;4xVitreus;2xPermutatio,,,,3,6
ThaumicHorizons,Transduction Amplifier,transductionAmplifier,planarTheory,,,1,1,18xAuram;15xPotentia;12xVacuos;9xAlienis,,,,12,6
ThaumicHorizons,Planar Theory,planarTheory,VISPOWER;VOIDMETAL,,,1,1,18xVacuos;15xPraecantatio;12xAlienis;9xAuram;6xPerditio;3xTenebrae,,,,10,8
ThaumicHorizons,Primordial Fossils,leviathan,pocketPlane,,,0,0,<empty>,1xtile.ThaumicHorizons_leviathan@0,,,20,10
ThaumicHorizons,Pig Infusions,pigInfusion,generalInfusion,,,0,0,5xBestia;5xFames;3xMetallum;3xVitium;3xSano,,,,12,-5
ThaumicHorizons,Instilled Loyalty,instilledLoyalty,generalInfusion,,,0,0,4xCognitio;3xBestia;3xPermutatio,,,,15,-1
ThaumicHorizons,Flesh Hardening,fleshLeather,meatGrowth,,,0,0,4xCorpus;6xPannus;4xFabrico,,,,6,-1
ThaumicHorizons,Planar Gateways,planarKeystone,pocketPlane,,,3,2,15xIter;12xVacuos;9xAuram;6xAlienis;3xPraecantatio,,,,20,8
ThaumicHorizons,Voidling Golems,voidGolem,wispSpawn,golemPowder,,1,1,2xVacuos;2xMotus;2xSpiritus;2xHumanus,,,,16,7
ThaumicHorizons,Eldritch Fangs,eldritchFangs,generalInfusion;VOIDMETAL,,,0,0,4xAlienis;4xTelum;4xVenenum,,,,15,-2
ThaumicHorizons,Arcane Lenses,lensFire,GOGGLES;INFUSION,,,0,0,3xSensus;3xLux;2xPotentia,,,,2,-2
ThaumicHorizons,Thaumium Boat,thaumiumBoat,greatwoodBoat;THAUMIUM,,,1,1,2xIgnis;2xMetallum;2xPraecantatio,,,,7,8
ThaumicHorizons,Musings on Life and Death,nightmare,cloneVillager,,,0,0,1xSpiritus,,,,13,4
ThaumicHorizons,Wand Focus: Illumination,focusIllumination,FOCUSFIRE,,,0,0,2xLux;2xPotentia;1xPraecantatio,,,,-1,6
ThaumicHorizons,Silverwood Heart,silverHeart,humanInfusion,,,0,0,3xHumanus;3xOrdo;3xSano,,,,19,-1
ThaumicHorizons,Soul Sieve,soulExtractor,JARBRAIN;ENCHFABRIC,,,2,1,4xSpiritus;4xVinculum;4xTerra;4xPermutatio,1xtile.hellsand@0,,,5,6
ThaumicHorizons,Vortex Attenuation,vortexStabilizer,planarTheory,,,1,1,21xAuram;18xFames;15xMachina;12xOrdo;9xPotentia;6xVinculum,,,,12,10
ThaumicHorizons,Lens Case,lensCase,lensAir;lensWater;lensEarth;lensOrderEntropy;FOCUSPOUCH,,,0,0,2xVitreus;4xPannus;2xVacuos,,,,2,-6
ThaumicHorizons,Synthskin,synthSkin,humanInfusion,,,0,0,3xHumanus;3xHerba;3xFames,,,,19,0
ThaumicHorizons,Evanescent Lens,lensEarth,lensFire,,,0,0,4xSensus;2xVacuos;2xLux,,,,3,-4
ThaumicHorizons,Mirrored Amulet,mirrorAmulet,cloneSelf,MIRROR,,0,0,5xMortuus;5xPerditio;5xVacuos,,,,17,4
ThaumicHorizons,Wand Focus: Containment,focusContainment,,DISTILESSENTIA;FOCUSPORTABLEHOLE,,0,0,6xVinculum;6xVacuos;2xIter,,,,8,-3
ThaumicHorizons,Pocket Plane,pocketPlane,planarRift;PRIMPEARL,,,2,2,24xIter;21xVacuos;18xFabrico;15xAuram;21xMachina;6xAlienis;6xPraecantatio;3xCognitio,,,,18,8
ThaumicHorizons,Blood Alchemy,essentiaInjection,meatGrowth,THAUMATORIUM;INFUSION,,1,1,4xVictus;2xHumanus;2xPermutatio;2xPraecantatio,,,,6,1
ThaumicHorizons,Feline Infusions,catInfusion,generalInfusion,,,0,0,5xBestia;3xPraecantatio;3xExanimis,,,,13,-5
ThaumicHorizons,Amphibious Breath,amphibious,humanInfusion,,,0,0,3xHumanus;3xAer;3xAqua,,,,19,1
ThaumicHorizons,Self-Infusion,selfInfusion,generalInfusion;cloneSelf,,humanInfusion,0,0,6xHumanus;6xPraecantatio;6xFabrico,,,,14,1
ThaumicHorizons,Canine Infusions,dogInfusion,generalInfusion,,,0,0,5xBestia;3xLux;3xIgnis;3xAqua;3xPraecantatio,,,,14,-5
ThaumicHorizons,New Horizons,planarRift,vortexStabilizer;transductionAmplifier,,,2,1,4xVacuos;4xPraecantatio;2xAlienis,,,,14,8
ThaumicHorizons,Crystalline Wand,crystalWand,planarRift,,,0,0,4xPraecantatio;4xVitreus;4xPotentia,,,,15,10
ThaumicHorizons,Portability,portability,generalInfusion,,,0,0,4xVacuos;4xVinculum,,,,15,-4
ThaumicHorizons,Kirlian Lens,lensAir,lensFire,,,0,0,4xSensus;2xAuram;2xVictus;2xExanimis,,,,-1,-4
ThaumicHorizons,Vis Dynamo,visDynamo,,INFUSION;VISPOWER,,0,0,5xAuram;5xMachina;5xPotentia,,,,3,2
ThaumicHorizons,Sheeder,sheederInfusion,sheepInfusion,,,0,0,4xPannus;3xBestia;3xPermutatio,,,,10,-7
ThaumicHorizons,Ethereal Shard,etherealShard,shardTrans,INFUSION;VISPOWER,,0,0,8xAuram;16xPotentia;16xVacuos;8xPraecantatio,,,,1,4
ThaumicHorizons,Planar Clouds,planarClouds,pocketPlane,,,0,0,<empty>,1xtile.ThaumicHorizons_cloud@32767;1xtile.ThaumicHorizons_cloud@32767,,,20,6
ThaumicHorizons,Essentia Dynamo,essentiaDynamo,visDynamo,INFUSION;VISPOWER;THAUMIUM,,0,0,5xAuram;5xMachina;5xPotentia;5xAqua,,,,3,4
ThaumicHorizons,Injector,injector,blastPhial;BONEBOW,,,0,0,3xTelum;3xMachina;3xVolatus,,,,8,3
ThaumicHorizons,Scholar's Lens,lensOrderEntropy,lensFire,,,0,0,4xSensus;4xCognitio;2xPraecantatio,,,,5,-4
ThaumicHorizons,Chameleon Skin,chameleonSkin,humanInfusion,,,0,0,4xSensus;4xPermutatio;4xVacuos,,,,19,-2
ThaumicHorizons,Node Monitor,nodeMonitor,INFUSION,,,0,0,3xAuram;3xMachina;3xSensus,,,,1,6
ThaumicHorizons,Echo Lens ,lensWater,lensFire;ARCANEEAR,,,0,0,4xSensus;2xPermutatio,,,,1,-4
ThaumicHorizons,Cow Infusions,cowInfusion,generalInfusion,,,0,0,5xBestia;5xLimus;5xPermutatio,,,,9,-5
ThaumicHorizons,Alcheponics,alcheponics,,,,0,0,5xMessis;5xHerba;5xLux,,,,0,0
ThaumicHorizons,Sheep Infusions,sheepInfusion,generalInfusion,,,0,0,3xBestia;3xPannus;3xSensus,,,,10,-5
ThaumicHorizons,Basic Human Infusions,humanInfusion,selfInfusion,,,0,0,1xHumanus,,,,16,1
ThaumicHorizons,Morphic Fingers,morphicFingers,humanInfusion,,,0,0,3xHumanus;3xFabrico;3xInstrumentum;2xPermutatio,,,,19,2
ThaumicHorizons,Incarnation,incarnationVat,healingVat,,,0,0,3xVictus;3xFabrico;3xBestia;2xMachina,,,,10,1
ThaumicHorizons,Wisp Propagation,wispSpawn,planarRift,,,0,0,2xPraecantatio;2xVitreus;2xVictus,,,,15,6
ThaumicHorizons,Soulforge,soulAssembler,soulKnowledge,,,1,1,4xSpiritus;4xSano;4xCognitio,,,,9,6
ThaumicHorizons,Creature Infusion,infusionVat,healingVat;INFUSION;focusContainment,,generalInfusion,0,0,5xPraecantatio;5xVictus;5xFabrico;5xBestia,,,,10,-1
ThaumicHorizons,Greatwood Boat,greatwoodBoat,,,,0,0,1xAqua;1xIter;1xFabrico,,,,5,8
ThaumicHorizons,Animation Powder,golemPowder,GOLEMTHAUMIUM;ADVANCEDGOLEM;incarnationVat,,,0,0,3xHumanus;3xSpiritus;3xMotus;3xFabrico,,,,12,1
ThaumicHorizons,Spider Climb,spiderClimb,humanInfusion,,,0,0,3xHumanus;3xBestia;3xMotus;3xLimus,,,,19,3
ThaumicHorizons,Shard Transmutation,shardTrans,,,,0,0,4xPermutatio;4xVitreus;2xIgnis;2xAqua;2xTerra;2xAer;2xOrdo;2xPerditio,,,,1,2
ThaumicHorizons,Warped Tumor,warpedTumor,humanInfusion,,,0,0,15xHumanus;12xVitium;9xAlienis;6xCorpus;3xPermutatio,,,,19,4
ThaumicHorizons,Teleological Recombinator,recombinator,planarTheory;PRIMPEARL,,,2,1,21xAuram;18xPermutatio;15xFabrico;12xPraecantatio;9xPotentia;6xSensus,,,,12,8
ThaumicHorizons,Inspiratron,soulKnowledge,soulExtractor,,,1,1,4xSpiritus;4xSano;4xCognitio,,,,7,6
ThaumicHorizons,Curative Vat,healingVat,essentiaInjection;fleshLeather,,,0,0,2xVictus;4xSano;2xMachina;2xAqua,,,,8,0
ThaumicHorizons,Self-Reincarnation,cloneSelf,nightmare;PRIMPEARL,,,3,2,4xSpiritus;4xVinculum;4xHumanus;4xSano,,,,15,4
ThaumicHorizons,General Infusions,generalInfusion,infusionVat,,,0,0,1xBestia,,,,12,-3
ThaumicHorizons,Meat Growth,meatGrowth,alchIncubation,,,0,0,6xCorpus;4xVictus;4xBestia;4xFabrico,,,,4,0
ThaumicHorizons,Void Putty,voidPutty,planarRift,,,0,0,3xPermutatio;3xFabrico;3xMetallum,,,,16,9
THAUMICINSURGENCE,[[Funky]] LITTLE [[Worm]],TI_DeliciousKromer,GOGGLES,,,0,0,1xLucrum;1xAlienis;1xTenebrae;1xPermutatio;1xVinculum,,,,0,3
THAUMICINSURGENCE,Sanitizing Soap Alpha,TI_SanitizingSoapAlpha,SANESOAP,,,0,0,1xSano;1xOrdo,,,,2,2
THAUMICINSURGENCE,Madman's Lens,TI_ThaumicInterfacer,INFUSION,,,0,0,1xIgnis;1xInstrumentum,,,,-5,5
THAUMICINSURGENCE,Infusion Intercepter,TI_InfusionIntercepter,INFUSION,,,2,2,1xPraecantatio;1xFames;1xInstrumentum;1xVinculum;1xMachina;1xPermutatio,,,,0,0
THAUMICINSURGENCE,Alastor's Soap,TI_SanitizingSoapBeta,TI_SanitizingSoapAlpha,,,0,0,1xAlienis;1xPermutatio;1xSano,,,,-2,2
THAUMIC_MACHINA_CAT,Realization,@CRIMSON_REALISATION,@CRIMSON_ASTRONOMY,@AURA_FIELD,,0,0,3xAlienis;12xAuram;6xTenebrae;9xPraecantatio;15xPotentia,,,,1,8
THAUMIC_MACHINA_CAT,Charge and its Functions,@VIS_CHARGE,@VIS_STUDIES,,,0,0,3xAlienis;12xAuram;6xPotentia;9xPerditio;15xPraecantatio,,,,-5,1
THAUMIC_MACHINA_CAT,Wand Augmentation Basics,@WAND_AUGMENTATION,@WAND_STUDIES;MIRROR,INFUSION,,0,0,3xInstrumentum;6xPraecantatio;9xOrdo;12xMachina;15xPerditio,,,,-9,-5
THAUMIC_MACHINA_CAT,Aura Fields,@AURA_FIELD,@NODAL_STUDIES;@VIS_STUDIES,,,0,0,3xAlienis;12xAuram;6xPotentia;9xVacuos;15xPraecantatio,,,,-4,6
THAUMIC_MACHINA_CAT,Augment: Charge Buffer,@WAND_AUGMENTATION_CHARGE_BUFFER,@WAND_AUGMENTATION,,,0,0,3xInstrumentum;6xPraecantatio;12xPotentia;9xVacuos;15xTenebrae;18xAlienis,,,,-10,-7
THAUMIC_MACHINA_CAT,Augment: Vis Channels,@WAND_AUGMENTATION_VIS_CHANNEL,@WAND_AUGMENTATION,,,0,0,3xInstrumentum;6xPraecantatio;9xAqua;12xTenebrae;15xAlienis,,,,-8,-7
THAUMIC_MACHINA_CAT,Augment: Contact Discharge,@WAND_AUGMENTATION_CONTACT_DISCHARGE,@WAND_AUGMENTATION,@CRIMSON_WAND_AUGMENTATION,,3,2,3xInstrumentum;6xPraecantatio;12xPotentia;15xTenebrae;18xAlienis;21xTelum,,,,-7,-6
THAUMIC_MACHINA_CAT,Crimsonic Thaumaturgy,@CRIMSON_THAUMATURGY,@CRIMSON_PHILOSOPHY,,,0,0,3xAlienis;12xInstrumentum;6xTenebrae;9xPraecantatio;15xOrdo,,,,5,3
THAUMIC_MACHINA_CAT,Crimson Astronomy,@CRIMSON_ASTRONOMY,@CRIMSON_PHILOSOPHY,,,0,0,3xAlienis;12xAuram;6xTenebrae;9xVacuos;15xPraecantatio,,,,3,7
THAUMIC_MACHINA_CAT,Vis Studies,@VIS_STUDIES,@VIS,,,0,0,3xAlienis;12xAuram;6xCognitio;9xPotentia;15xPraecantatio,,,,-3,2
THAUMIC_MACHINA_CAT,Wand Studies,@WAND_STUDIES,,@VIS_CHARGE,,0,0,3xPerditio;9xAuram;15xCognitio;12xOrdo;6xInstrumentum,,,,-7,-2
THAUMIC_MACHINA_CAT,Celestial Fields,@CRIMSON_CELESTIAL_FIELD,@CRIMSON_REALISATION,,,0,0,3xAlienis;12xAuram;6xTenebrae;9xPraecantatio;15xOrdo;18xVacuos,,,,0,6
THAUMIC_MACHINA_CAT,Auras and Nodes,@TMNODES,,,,0,0,<empty>,,,,0,4
THAUMIC_MACHINA_CAT,Crimson Philosophy,@CRIMSON_PHILOSOPHY,,,,0,0,<empty>,,,,4,5
THAUMIC_MACHINA_CAT,Nodal Studies,@NODAL_STUDIES,@TMNODES,,,0,0,3xAlienis;12xAuram;15xCognitio;15xPraecantatio,,,,-2,5
THAUMIC_MACHINA_CAT,Concepts,@INFORMATION_CONCEPTS,,,,0,0,<empty>,,,,0,0
THAUMIC_MACHINA_CAT,Crimsonic Wand Augments,@CRIMSON_WAND_AUGMENTATION,@CRIMSON_THAUMATURGY,@WAND_AUGMENTATION,,0,0,3xAlienis;6xTenebrae;12xInstrumentum;9xPraecantatio;15xOrdo;18xMachina;21xCognitio,,,,7,2
THAUMIC_MACHINA_CAT,Vis,@VIS,@TMNODES,,,0,0,3xAlienis;9xAuram;6xPraecantatio,,,,-1,1
WT_Category,Hunk of Something,warptheory.something,warptheory.paper,,,2,1,12xAlienis;12xBestia;9xPermutatio;6xVictus;3xCorpus,,,Alienis;Corpus;Permutatio,2,0
WT_Category,Impure Tear,PURETEARMINOR,ELDRITCHMINOR;warptheory.paper,,,0,0,6xAlienis;6xPraecantatio;4xPermutatio;3xSano;2xTerra,,,,-1,-2
WT_Category,Pure Tear,PURETEAR,ELDRITCHMAJOR;warptheory.paper;ICHORIUM,,,0,0,12xAlienis;12xPraecantatio;9xPermutatio;6xSano;3xTerra,,,,-4,-1
WT_Category,Purification Talisman,warptheory.amulet,PURETEAR,,,0,0,15xAlienis;15xAuram;12xPotentia;9xPraecantatio;6xPermutatio;3xTerra,,,,-4,-3
WT_Category,Potion of Blissful Oblivion,warptheory.oblivionpotion,,,,0,0,3xCognitio;3xSano,,,,-2,-1
WT_Category,Portable Shower,warptheory.portableshower,PURETEAR,,,0,0,5xAequalitas;5xPrimordium;32xPotentia;20xPraecantatio;32xAqua;32xAer,,,,-2,-4
WT_Category,Arcane Litmus Paper,warptheory.paper,RESEARCHER2,,,0,0,6xAlienis;6xPraecantatio;9xOrdo;3xAqua;3xTerra,,,Alienis;Praecantatio;Sensus,-2,0
WITCHGADG,Enchantment: Backstabbing,ENCH_BACKSTAB,ENCH_STEALTH,,,1,1,2xPraecantatio;4xTelum;4xTenebrae,,,,-7,4
WITCHGADG,Mantle of the Raven,CLOAK_RAVEN,CLOAK,,,0,0,4xPannus;4xAer;4xVolatus;2xIter,,,,4,-5
WITCHGADG,Primordial Armor,PRIMORDIALARMOR,PRIMORDIALGEARSET;ARMORFORTRESS,,,13,12,1xTutamen;1xPraecantatio;1xAer;1xIgnis;1xAqua;1xTerra;1xOrdo;1xPerditio,,,,2,7
WITCHGADG,Enchantment: Stealth,ENCH_STEALTH,WG.INFUSIONENCHANTMENT,,,1,1,2xPraecantatio;4xMotus;4xTenebrae,,,,-6,4
WITCHGADG,Enchanted Fabric,WG.ENCHFABRIC,,,,0,0,<empty>,,,,2,-4
WITCHGADG,Enchantment: Translucency,ENCH_INVISIBLEGEAR,WG.INFUSIONENCHANTMENT,,,0,0,2xPraecantatio;4xVitreus;4xTenebrae,,,,-5,5
WITCHGADG,Arcane Abacus,CALCULATOR,INFUSION,,,0,0,1xInstrumentum;1xCognitio;1xMachina,,,,5,5
WITCHGADG,Metal Purification,WG.PUREIRON,WGPOTIONS,,,0,0,<empty>,,,,-5,0
WITCHGADG,Primal Revelation,PRIMORDIALGEARSET,VOIDMETAL;WG.PRIMPEARL,,,0,0,1xPraecantatio;1xPotentia;1xAer;1xIgnis;1xAqua;1xTerra;1xOrdo;1xPerditio,,,,0,6
WITCHGADG,Enderlinked Bag,ENDERBAG,BAGOFTRICKS;INFUSION;WGPOTIONS,,,8,7,2xPannus;3xAlienis;3xVacuos,1xtile.enderChest@32767,,Alienis,2,0
WITCHGADG,Infusion Enchantment,WG.INFUSIONENCHANTMENT,WGPOTIONS,,,0,0,<empty>,,,,-4,3
WITCHGADG,Cloak of Voluminous Pockets,CLOAK_STORAGE,CLOAK,BAGOFTRICKS,,0,0,4xPannus;6xVacuos;4xFames,,,,6,-4
WITCHGADG,Terrestrial Focus: Magical Forest,TERRAFORMFOCUS_MAGIC,TERRAFORMFOCUS_JUNGLE,,,0,0,8xSano;4xPraecantatio;2xPermutatio;1xPotentia,,,,-1,-10
WITCHGADG,Hungry Bag,HUNGERBAG,BAGOFTRICKS;HUNGRYCHEST,,,1,1,2xPannus;3xFames;3xVacuos,,,,5,0
WITCHGADG,Alchemical Transmogrification,ALCHEMICALTRANSMOGRIFY,WG.ALCHEMICALMANUFACTURE,,,0,0,4xHerba;2xVictus;2xAqua,,,,-7,-3
WITCHGADG,Gem Cutting,GEMCUTTING,,,,0,0,1xVitreus;1xOrdo;1xPraecantatio;1xFabrico,,,,6,3
WITCHGADG,Voidlinked Bag,VOIDBAG,BAGOFTRICKS;WG.ELDRITCHMINOR,,,2,2,2xPannus;3xVacuos;5xPerditio;3xAlienis,,,,2,2
WITCHGADG,Terrestrial Focus: Mushroom Island,TERRAFORMFOCUS_MUSHROOM,TERRAFORMER,,,0,0,8xHerba;4xTerra;2xPermutatio;1xPotentia,,,,1,-9
WITCHGADG,Terrestrial Focus: Plains,TERRAFORMFOCUS_PLAINS,TERRAFORMER,,,0,0,8xHerba;4xOrdo;2xPermutatio;1xPotentia,,,,-2,-6
WITCHGADG,Terrestrial Focus: Cold Taiga,TERRAFORMFOCUS_COLDTAIGA,TERRAFORMER,,,0,0,8xGelum;4xOrdo;2xPermutatio;1xPotentia,,,,-2,-7
WITCHGADG,Primordial Pearl,PRIMORDRIALPEARL,,PRIMPEARL;ICHORIUM,,10,10,27xAuram;24xPraecantatio;21xVitium;18xOrdo;15xPerditio;12xAer;9xIgnis;6xTerra;3xAqua,,,,-1,3
WITCHGADG,Ethereal Wall,ETHEREALWALL,WG.ARCANESTONE,,,2,1,2xAlienis;2xMachina;4xTerra;7xMotus;4xVinculum,,,,-6,-6
WITCHGADG,Terrestrial Focus: River,TERRAFORMFOCUS_RIVER,TERRAFORMER,,,0,0,8xAqua;4xPraecantatio;2xPermutatio;1xPotentia,,,,2,-6
WITCHGADG,Enchantment: Throwoff,ENCH_RIDEPROTECT,WG.INFUSIONENCHANTMENT,,,0,0,2xPraecantatio;4xVinculum;4xTutamen,,,,-4,5
WITCHGADG,Thaumic Terraforming,TERRAFORMER,WG.CENTRIFUGE,,,5,5,64xTerra;14xPermutatio;7xPotentia;8xOrdo;16xPerditio;24xPerfodio;12xGelum;9xIgnis;8xAuram,,,,0,-7
WITCHGADG,Eldritch Epiphany,WG.ELDRITCHMINOR,WGPOTIONS,,,0,0,<empty>,,,,1,3
WITCHGADG,Terrestrial Focus: Tainted Lands,TERRAFORMFOCUS_TAINT,TERRAFORMER;BOTTLETAINT,,,2,1,8xVitium;4xPraecantatio;2xPermutatio;1xPotentia,,,,2,-8
WITCHGADG,Essentia Mirrors,WG.MIRRORESSENTIA,WGPOTIONS,,,0,0,<empty>,,,,-3,4
WITCHGADG,Thaumic Stone Extruder,STONEEXTRUDER,WG.ARCANESTONE;THAUMIUM,,,1,1,1xTerra;7xMachina;12xInstrumentum,,,,-4,-6
WITCHGADG,Cinnabar Purification,PURECINNABAR,WG.PUREIRON,,,0,0,5xMetallum;1xOrdo;1xVenenum,,,,-6,1
WITCHGADG,Terrestrial Focus: Jungle,TERRAFORMFOCUS_JUNGLE,TERRAFORMER,,,0,0,8xArbor;4xHerba;2xPermutatio;1xPotentia,,,,-1,-9
WITCHGADG,Terrestrial Focus: End,TERRAFORMFOCUS_END,TERRAFORMER,,,2,1,8xAlienis;4xPraecantatio;2xPermutatio;1xPotentia,,,,2,-7
WITCHGADG,Primordial Weaponry,PRIMORDIALWEAPONRY,PRIMORDIALGEARSET,,,13,12,1xPerditio;1xTelum;1xInstrumentum;1xAer;1xIgnis;1xAqua;2xPraecantatio;1xTerra;1xOrdo,,,,-2,7
WITCHGADG,Primordial Pearl ,WG.PRIMPEARL,,,,0,0,<empty>,,,,0,4
WITCHGADG,Rose Vines,ROSEVINE,WG.ALCHEMICALMANUFACTURE,,,0,0,2xHerba;3xAer;2xPerditio;4xTelum;8xMessis,,,,-7,-4
WITCHGADG,Metallurgic Perfection: Transmutation,METALLURGICPERFECTION_TRANSMUTATION,WG.TRANSIRON;TRANSGOLD;TRANSCOPPER;TRANSTIN;TRANSSILVER;TRANSLEAD,,,5,5,20xMetallum;10xOrdo;10xInstrumentum;10xPraecantatio;5xCognitio;20xPermutatio;4xLucrum;8xNebrisum,,,,-7,-1
WITCHGADG,Ageing Stone,AGEINGSTONE,WG.ARCANESTONE;MB_EssenceTime,,,1,1,3xVictus;3xMachina;6xTerra;3xTempus,,,,-5,-6
WITCHGADG,Warded Jars and Labels,WG.JARLABEL,WGPOTIONS,,,0,0,<empty>,,,,-3,-4
WITCHGADG,Enchantment: Soul Tethered,ENCH_SOULBOUND,WG.INFUSIONENCHANTMENT,,,0,0,4xPraecantatio;2xAlienis;2xSpiritus,,,,-6,2
WITCHGADG,Bewitched Fleece,ADVANCEDROBES,WG.ENCHFABRIC;SPINNINGWHEEL,,,0,0,3xPannus;4xPraecantatio;1xVitium,,,,2,-2
WITCHGADG,Terrestrial Focus: Ocean,TERRAFORMFOCUS_OCEAN,TERRAFORMFOCUS_RIVER,,,0,0,8xAqua;4xPraecantatio;2xPermutatio;1xPotentia,,,,3,-6
WITCHGADG,Arcane Stone,WG.ARCANESTONE,WGPOTIONS,,,0,0,<empty>,,,,-4,-4
WITCHGADG,Crystal Capsule,CRYSTALCAPSULE,GEMCUTTING,,,0,0,3xVitreus;2xOrdo;4xVacuos,,,,6,4
WITCHGADG,Aspect Library,LABELLIB,WG.JARLABEL,,,0,0,4xSensus;4xCognitio;2xInstrumentum,,,,-3,-6
WITCHGADG,Pearl Revitalization,EMPOWERPEARL,WG.PRIMPEARL;WGPOTIONS,,,0,0,8xPraecantatio;4xVitreus;4xVacuos;4xPotentia,1xitem.WG_Material@12,,,0,2
WITCHGADG,Essentia Pump,MIRRORPUMP,WG.MIRRORESSENTIA,,,0,0,12xInstrumentum;7xAqua;5xIter;4xLimus;4xPraecantatio;8xMachina,,,,-3,6
WITCHGADG,Witching Wearables,WGBAUBLES,THAUMIUM,,,2,2,1xPannus;1xPraecantatio;1xTutamen,,,,6,-1
WITCHGADG,Spinning,SPINNINGWHEEL,WGPOTIONS,,,0,0,15xPannus;5xPraecantatio;15xFabrico,,,,4,-1
WITCHGADG,Spectral Mantle,CLOAK_SPECTRAL,CLOAK,INFUSION,,0,0,4xPannus;2xIter;2xSpiritus;4xTenebrae,,,,6,-3
WITCHGADG,Cloak of the Wolf,CLOAK_WOLF,CLOAK,,,0,0,4xPannus;4xBestia;4xFames,,,,5,-5
WITCHGADG,Advanced Inscription,ADVANCEDSCRIBINGTOOLS,,WGPOTIONS,,0,0,3xPraecantatio;2xLux;2xGula;3xCognitio,,,,6,5
WITCHGADG,Enchantment: Unveiling,ENCH_UNVEILING,WG.INFUSIONENCHANTMENT,,,0,0,2xPraecantatio;4xSensus;4xLux,,,,-6,3
WITCHGADG,Terrestrial Focus: Desert,TERRAFORMFOCUS_DESERT,TERRAFORMER,,,0,0,4xIgnis;8xPerditio;2xPermutatio;1xPotentia,,,,-2,-8
WITCHGADG,Cloak,CLOAK,ADVANCEDROBES,BAGOFTRICKS,,0,0,1xPannus;1xAer;1xTutamen;1xPraecantatio,,,,4,-3
WITCHGADG,Alchemical Centrifuge,WG.CENTRIFUGE,WGPOTIONS,,,0,0,<empty>,,,,0,-5
WITCHGADG,Purifying Bath Salts,WG.BATHSALTS,WGPOTIONS,,,0,0,<empty>,,,,-5,-2
WITCHGADG,Metal Transmutation,WG.TRANSIRON,WGPOTIONS,,,0,0,<empty>,,,,-5,-1
WITCHGADG,Guiding Thread,LABYRINTHSTRING,INFUSION,,,0,0,1xInstrumentum;1xCognitio;1xIter,,,,5,4
WITCHGADG,Thaumic Ice Solidifier,ICESOLIDIFIER,STONEEXTRUDER,,,2,1,1xGelum;1xMachina;1xInstrumentum,,,,-4,-8
WITCHGADG,Kama,CLOAKKAMA,WGBAUBLES;CLOAK,,,0,0,2xPannus;2xTutamen,,,,5,-2
WITCHGADG,Status Effects,WGPOTIONS,,,,0,0,<empty>,,,,0,0
WITCHGADG,Infernal Furnace,WG.INFERNALFURNACE,WGPOTIONS,,,0,0,<empty>,,,,3,3
WITCHGADG,Metallurgic Perfection: Purification,METALLURGICPERFECTION_CLUSTERS,WG.PUREIRON;PUREGOLD;PURECOPPER;PURETIN;PURESILVER;PURELEAD;PURECINNABAR,,,5,5,20xMetallum;10xOrdo;10xVitreus;20xPermutatio;10xPerfodio;5xCognitio;4xLucrum;8xNebrisum,,,,-7,0
WITCHGADG,Terrestrial Focus: Hell,TERRAFORMFOCUS_HELL,TERRAFORMER,,,1,1,8xTenebrae;4xIgnis;2xPermutatio;1xPotentia,,,,0,-9
WITCHGADG,Infernal Blast Furnace,INFERNALBLASTFURNACE,WG.INFERNALFURNACE,,,2,1,2xIgnis;1xMetallum;1xFabrico;1xTenebrae;1xVitium,,,,3,5
WITCHGADG,Thaumic Iconograph,SCANCAMERA,,,,0,0,1xSensus;1xCognitio;1xSpiritus;1xVitreus,,,,5,3
WITCHGADG,Primordial Gauntlet,PRIMORDIALGLOVE,VOIDMETAL;PRIMORDIALGEARSET;WG.PRIMPEARL,,,8,7,1xVitreus;1xPraecantatio;1xInstrumentum;1xAer;1xIgnis;1xAqua;1xTerra;1xOrdo;1xPerditio,,,,2,5
WITCHGADG,Bag of Tricks,BAGOFTRICKS,SPINNINGWHEEL,,,0,0,2xPannus;2xVacuos;2xFames,,,,3,0
WITCHGADG,Alchemical Manufacture,WG.ALCHEMICALMANUFACTURE,WGPOTIONS,,,0,0,<empty>,,,,-5,-3
WITCHGADG,Thaumic Sauna Stove,SAUNASTOVE,WG.BATHSALTS,,,0,0,3xAqua;3xIgnis;1xMachina;25xSano;7xOrdo;2xTempestas,,,,-7,-2
BLOODMAGIC,Alchemic Chemistry Set,ALCHEMICCHEMSTRYSET,INFUSION;SACRIFICIALKNIFE,,,2,1,15xFabrico;12xIgnis;9xInstrumentum;6xPraecantatio;3xVictus,,,,4,-4
BLOODMAGIC,Crystal CLuster,CRYSTALCLUSTER,INFUSION;RUNEOFACCELERATION,,,3,2,21xVictus;18xSpiritus;15xAlienis;12xPotentia;9xPraecantatio;6xTenebrae;3xCognitio,,,,-10,0
BLOODMAGIC,Transcendent Orb,TRANSCENDENTORB,ARCHMAGEORB,,,3,3,24xVitreus;21xPotentia;18xPraecantatio;15xCognitio;12xSano;9xAqua;6xInfernus;3xElectrum,,,,12,0
BLOODMAGIC,Rune of Sacrifice,RUNESACRIFICE,INFUSION;SPEEDRUNE,,,0,0,15xFames;12xInfernus;9xPotentia;6xPraecantatio;3xTerra,,,,-4,0
BLOODMAGIC,Spell Table,SPELLTABLE,INFUSION;RITUALSTONE,,,2,2,18xTerra;15xIgnis;12xTenebrae;9xPraecantatio;6xAer;3xInfernus,,,,-4,-4
BLOODMAGIC,Amorphic Catalyst,AMORPHICCATALYST,INFUSION;ALCHEMICCHEMSTRYSET,,,1,1,18xAqua;15xIgnis;12xTerra;9xAer;6xOrdo;3xPerditio,,,,6,-4
BLOODMAGIC,Key of Binding,KEYOFBINDING,SACRIFICIALKNIFE,,,0,0,15xVitreus;12xLucrum;9xMetallum;6xTerra;3xPraecantatio,,,,4,-2
BLOODMAGIC,Life Infuser,LIFEINFUSER,BLOODALTAR;INFUSION,,,2,1,18xVictus;15xAlienis;12xPraecantatio;9xAuram;6xFames;3xTerra,,,,-2,2
BLOODMAGIC,Sigil of Swimming,SIGILOFSWIMMING,INFUSION;VOIDSIGIL,,,3,3,21xAer;18xAqua;15xVacuos;12xTerra;9xAuram;6xPraecantatio;3xMetallum,,,,-4,8
BLOODMAGIC,Rune of the Orb,RUNEOFTHEORB,INFUSION;RUNESACRIFICE,,,0,0,15xPotentia;12xVictus;9xMotus;6xLucrum;3xPraecantatio,,,,-6,-2
BLOODMAGIC,Alchemic Tools,ALCHEMICTOOLS,ALCHEMICCALCINATOR,,,0,0,15xTerra;12xPraecantatio;9xInstrumentum;6xPotentia;3xAer,,,,-4,-12
BLOODMAGIC,Rune of Superior Capacity,RUNEOFSUPERIORCAPACITY,INFUSION;RUNEOFARGUMENTEDCAPACITY,,,0,0,18xPotentia;15xAqua;12xCognitio;9xLucrum;6xPraecantatio;3xAlienis,,,,-8,-2
BLOODMAGIC,Water Sigil,WATERSIGIL,INFUSION;DIVINATIONSIGIL,,,1,1,15xAqua;12xTerra;9xInstrumentum;6xPraecantatio;3xMetallum,,,,0,4
BLOODMAGIC,Magician's Orb,MAGICANORB,APPRENTICEORB,,,2,1,15xVitreus;12xPotentia;9xPraecantatio;6xCognitio;3xSano,,,,6,0
BLOODMAGIC,Transparent Orb,TRANSPARENTORB,TRANSCENDENTORB,,,4,3,27xVitreus;24xPotentia;21xPraecantatio;18xCognitio;15xSano;12xAqua;9xInfernus;6xElectrum;3xAlienis,,,,14,0
BLOODMAGIC,Harvest Goddess Sigil,HARVESTGODDESSSIGIL,INFUSION;SIGILOFENDERSEVERANCE,,,4,3,21xHerba;18xArbor;15xMeto;12xMessis;9xCognitio;6xPraecantatio;3xAlienis,,,,0,16
BLOODMAGIC,Blood Infused Diamond Block,BIDIAMONDBLOCK,INFUSION;AMORPHICCATALYST,,,2,1,18xAqua;24xIgnis;12xVictus;6xIra;3xPerditio,,,,8,-4
BLOODMAGIC,Alchemic Calcinator,ALCHEMICCALCINATOR,ARCANEPEDESTALANDPLINTH,,,2,1,18xPraecantatio;15xVitreus;12xTerra;9xPerditio;6xAqua;3xIgnis,,,,-4,-8
BLOODMAGIC,Rune of Dislocation,RUNEOFDISLOCATION,INFUSION;RUNESACRIFICE,,,0,0,18xAqua;15xPraecantatio;9xTerra;3xCognitio,,,,-6,2
BLOODMAGIC,Sigil of the Green Grow,GREENGROW,INFUSION;DIVINATIONSIGIL,,,1,1,15xInstrumentum;12xTerra;9xHerba;6xArbor;3xVictus,,,,2,4
BLOODMAGIC,Energy Bazooka III,ENERGYBAZOOKAIII,INFUSION;ENERGYBAZOOKAII,,,10,10,27xPotentia;24xInstrumentum;21xTelum;18xTerminus;15xInfernus;12xSuperbia;9xFames;6xNebrisum;3xIra,,,,-16,0
BLOODMAGIC,Rune of Augmented Capacity,RUNEOFARGUMENTEDCAPACITY,INFUSION;RUNESACRIFICE,,,0,0,18xAqua;15xFames;12xLucrum;9xPraecantatio;6xTerra;3xVacuos,,,,-6,0
BLOODMAGIC,Tier 6 Pillar,ICHORIUMBLOCK,INFUSION;CRYSTALCLUSTER,,,2,1,21xVictus;18xFames;15xPraecantatio;12xInfernus;9xAlienis;6xSuperbia;3xTerra,,,,-10,2
BLOODMAGIC,Lava Crystal,BMLAVACRYSTAL,INFUSION;EMPTYCORE;LAVACRYSTAL;WARDEDARCANA,,,0,0,15xIgnis;12xInfernus;9xTerra;6xPraecantatio;3xAer,,,,0,-4
BLOODMAGIC,Master Orb,MASTERORB,MAGICANORB,,,2,2,18xVitreus;15xPotentia;12xPraecantatio;9xCognitio;6xSano;3xAqua,,,,8,0
BLOODMAGIC,Armor Inhibitor,ARMORINHIBITOR,SOULARMORFORGE,,,0,0,15xMetallum;12xLucrum;9xSpiritus;6xAlienis;3xPraecantatio,,,,4,-8
BLOODMAGIC,Sigil of Augmented Holding,SIGILOFAUGMENTETHOLDING,INFUSION;SIGILOFHOLDING,,,2,2,21xVacuos;18xLucrum;15xCognitio;12xGula;9xSuperbia;6xLimus;3xPraecantatio,,,,4,8
BLOODMAGIC,Sigil of Compression,SIGILOFCOMPRESSION,INFUSION;SIGILOFMAGNETISM,,,1,1,15xMetallum;12xPotentia;9xMachina;6xLucrum;3xSuperbia,,,,2,8
BLOODMAGIC,Sacrificial Knife,SACRIFICIALKNIFE,BLOODALTAR,,,0,0,15xTelum;12xLucrum;9xInstrumentum;6xFames;3xFabrico,,,,2,-2
BLOODMAGIC,Empty Core,EMPTYCORE,INFUSION;BLOODALTAR,,,0,0,15xVitreus;12xTerra;9xLucrum;6xMetallum;3xPraecantatio,,,,0,-2
BLOODMAGIC,Glyph Stone,GLYPHSTONE,INFUSION;SOULARMORFORGE,,,2,1,21xTerra;18xSuperbia;15xOrdo;12xCognitio;9xAuram;6xPraecantatio;3xAlienis,,,,2,-10
BLOODMAGIC,Soul Compacter,SOULCOMPACTER,MASTERRITUALSTONE,,,2,1,18xSpiritus;15xPraecantatio;12xAlienis;9xLucrum;6xVacuos;3xCognitio,,,,0,-6
BLOODMAGIC,Rune of Acceleration,RUNEOFACCELERATION,INFUSION;RUNEOFARGUMENTEDCAPACITY;RUNEOFDISLOCATION,,,0,0,21xPotentia;18xTempus;15xCognitio;12xAqua;9xMotus;6xPraecantatio;3xTerra,,,,-8,0
BLOODMAGIC,Imperfect Ritual Stone,IMPERFECTRITUALSTONE,BLOODALTAR,,,0,0,12xAuram;9xPraecantatio;6xTerra;3xTenebrae,,,,-2,-2
BLOODMAGIC,Sigil of Lightning,SIGILOFLIGHTNING,INFUSION;SIGILOFELEMENTALAFFINITY,,,6,6,24xTempestas;21xAer;18xAqua;15xTerra;12xPotentia;9xTenebrae;6xIra;3xElectrum,,,,2,14
BLOODMAGIC,Divination Sigil,DIVINATIONSIGIL,INFUSION;NITOR;BLOODALTAR,,,0,0,15xVitreus;12xTerra;9xInstrumentum;6xPraecantatio;3xMetallum,,,,0,2
BLOODMAGIC,Rune of Quickness,RUNEOFQUICKNESS,INFUSION;RUNEOFACCELERATION;RUNEOFDISLOCATION;SPEEDRUNE,,,0,0,48xPotentia;35xTempus;35xCognitio;23xMachina;27xMotus;15xPraecantatio;7xTerra,,,,-10,-2
BLOODMAGIC,Lava Sigil,LAVASIGIL,INFUSION;SIGILOFTHEBLOODLAMP,,,2,2,15xIgnis;12xTerra;9xInstrumentum;6xPraecantatio;3xMetallum,,,,0,8
BLOODMAGIC,Sigil of Holding,SIGILOFHOLDING,INFUSION;SIGILOFMAGNETISM,,,1,1,18xLucrum;15xCognitio;12xGula;9xSuperbia;6xLimus;3xPraecantatio,,,,4,6
BLOODMAGIC,Sigil of Phantom Bridge,SIGILOFPHANTOMBRIDGE,INFUSION;VOIDSIGIL,,,2,2,18xTerra;15xAlienis;12xIter;9xVitreus;6xPotentia;3xPraecantatio,,,,-4,6
BLOODMAGIC,Incense Crucible,INCENSECRUCIBLE,SACRIFICIALKNIFE,,,1,1,15xIgnis;18xVictus;6xPotentia,,,,6,-2
BLOODMAGIC,Empty Socket,EMPTYSOCKET,BLOODLETTERSPACK,,,1,1,15xTerra;12xTutamen;9xPraecantatio;6xTenebrae;3xSano,,,,2,-6
BLOODMAGIC,Soul Armor Forge,SOULARMORFORGE,INFUSION;EMPTYSOCKET,,,2,2,18xTutamen;15xMetallum;21xPraecantatio;6xTenebrae;3xExanimis,,,,2,-8
BLOODMAGIC,Ender Sigil,ENDERSIGIL,INFUSION;SIGILOFENDERSEVERANCE,,,4,4,24xVacuos;21xAlienis;18xCognitio;15xHumanus;12xPotentia;9xVinculum;6xLimus;3xNebrisum,,,,-2,16
BLOODMAGIC,Rune of Self Sacrifice,RUNESELFSACRIFICE,INFUSION;SPEEDRUNE,,,0,0,15xFames;12xInfernus;9xLucrum;6xPraecantatio;3xTerra,,,,-4,2
BLOODMAGIC,Ritual Stone,RITUALSTONE,INFUSION;IMPERFECTRITUALSTONE,,,1,1,15xTerra;12xIgnis;9xTenebrae;6xPraecantatio;3xAer,,,,-2,-4
BLOODMAGIC,Sigil of Sight,SIGILOFSIGHT,INFUSION;DIVINATIONSIGIL,,,0,0,15xOrdo;12xSensus;9xCognitio;6xVitreus;3xPraecantatio,,,,2,2
BLOODMAGIC,Life Imbue Armor,IMBUEARMOR,BLOODLETTERSPACK,,,1,1,15xSano;12xTutamen;9xPraecantatio;6xMetallum;3xPotentia,,,,4,-6
BLOODMAGIC,Sigil of Supression,SIGILOFSUPRESSION,INFUSION;VOIDSIGIL,,,3,2,21xVacuos;18xAuram;15xAqua;12xMetallum;9xPraecantatio;6xTerra;3xMotus,,,,-2,8
BLOODMAGIC,Energy Bazooka I,ENERGYBAZOOKAI,CRYSTALCLUSTER;ICHOR_SWORD_GEM;PRIMALCRUSHER,,,3,2,21xPotentia;18xInstrumentum;15xTelum;12xSuperbia;9xFames;6xNebrisum;3xIra,,,,-12,0
BLOODMAGIC,Sigil of Elemental Affinity,SIGILOFELEMENTALAFFINITY,INFUSION;AIRSIGIL,,,4,4,27xVolatus;24xIgnis;21xAqua;18xAer;15xMotus;12xPraecantatio;9xIter;6xPotentia;3xCognitio,,,,0,12
BLOODMAGIC, Alchemy Relay,ALCHEMYRELAY,ALCHEMICCALCINATOR,,,0,0,18xMetallum;15xBestia;12xPannus;9xPraecantatio;6xAlienis;3xPotentia,,,,-2,-12
BLOODMAGIC,Speed Rune,SPEEDRUNE,INFUSION;BLOODALTAR,,,0,0,15xMotus;12xVolatus;9xPotentia;6xAer;3xFames,,,,-2,0
BLOODMAGIC,Air Sigil,AIRSIGIL,INFUSION;LAVASIGIL,,,3,3,21xVolatus;18xAer;15xMotus;12xPraecantatio;9xIter;6xPotentia;3xCognitio,,,,0,10
BLOODMAGIC,Void Sigil,VOIDSIGIL,INFUSION;WATERSIGIL,,,2,2,15xVacuos;12xTerra;9xAuram;6xPraecantatio;3xMetallum,,,,-2,6
BLOODMAGIC,Ritual Diviner,RITUALDIVINER,INFUSION;MASTERRITUALSTONE,,,2,1,18xAer;15xIgnis;12xTerra;9xAqua;6xPerditio;3xOrdo,,,,-2,-8
BLOODMAGIC,Arcane Pedestal,ARCANEPEDESTALANDPLINTH,INFUSION;MASTERRITUALSTONE,,,1,1,15xIgnis;12xTerra;9xTenebrae;6xAlienis;3xPraecantatio,,,,-4,-6
BLOODMAGIC,Blood Letters Pack,BLOODLETTERSPACK,SACRIFICIALKNIFE,,,0,0,15xTelum;12xSano;9xLucrum;6xTutamen;3xPannus,,,,2,-4
BLOODMAGIC,Sigil of Divinity,SIGILOFDIVINITY,INFUSION;SIGILOFENDERSEVERANCE,,,5,5,24xTutamen;21xAer;18xIgnis;15xAqua;12xTerra;9xOrdo;6xPerditio;3xSano,,,,2,16
BLOODMAGIC,Sigil of Magnetism,SIGILOFMAGNETISM,INFUSION;WATERSIGIL,,,1,1,21xMagneto;18xPotentia;15xElectrum;12xPraecantatio;6xAuram;3xCognitio,,,,2,6
BLOODMAGIC,Blood Altar,BLOODALTAR,,,,1,1,15xAlienis;12xPraecantatio;9xAuram;6xFames;3xTerra,,,,0,0
BLOODMAGIC,Master Ritual Stone,MASTERRITUALSTONE,INFUSION;RITUALSTONE,,,1,1,18xTerra;15xIgnis;12xTenebrae;9xPraecantatio;6xAer,,,,-2,-6
BLOODMAGIC,Sigil of Whirlwind,SIGILOFWHIRLWIND,INFUSION;AIRSIGIL,,,2,2,24xAer;21xTutamen;18xPotentia;15xVictus;12xSano;9xCognitio;6xSuperbia;3xNebrisum,,,,2,12
BLOODMAGIC,Apprentice Orb,APPRENTICEORB,WEAKORB,,,1,1,12xVitreus;9xPotentia;6xPraecantatio;3xCognitio,,,,4,0
BLOODMAGIC,Sigil of Ender Serverance,SIGILOFENDERSEVERANCE,INFUSION;SIGILOFELEMENTALAFFINITY;OCULUS,,,3,3,21xAlienis;18xCognitio;15xHumanus;12xPotentia;9xVinculum;6xLimus;3xNebrisum,,,,0,14
BLOODMAGIC,Weak Orb,WEAKORB,BLOODALTAR,,,1,1,9xVitreus;6xPotentia;3xPraecantatio,,,,2,0
BLOODMAGIC,Bell Jar,BELLJAR,ALCHEMICCALCINATOR,,,0,0,18xVitreus;15xAer;12xTerra;9xOrdo;6xLucrum;3xArbor,,,,-6,-12
BLOODMAGIC,Energy Bazooka II,ENERGYBAZOOKAII,INFUSION;ENERGYBAZOOKAI,,,5,5,24xPotentia;21xInstrumentum;18xTelum;15xInfernus;12xSuperbia;9xFames;6xNebrisum;3xIra,,,,-14,0
BLOODMAGIC,Sigil of the Blood Lamp,SIGILOFTHEBLOODLAMP,INFUSION;WATERSIGIL,,,2,1,18xLux;15xIgnis;12xAer;9xPotentia;6xSensus;3xPraecantatio,,,,0,6
BLOODMAGIC,Sigil of Faster Mining,FASTERMINING,INFUSION;DIVINATIONSIGIL,,,1,1,15xInstrumentum;12xPerfodio;9xPraecantatio;6xMetallum;3xMotus,,,,-2,4
BLOODMAGIC,Archmage's Orb,ARCHMAGEORB,MASTERORB,,,3,2,21xVitreus;18xPotentia;15xPraecantatio;12xCognitio;9xSano;6xAqua;3xInfernus,,,,10,0
BLOODMAGIC,Sigil of Haste,SIGILOFHASTE,INFUSION;AIRSIGIL,,,2,1,21xIter;18xMotus;15xAer;12xPotentia;9xPraecantatio;6xAlienis;3xCognitio,,,,-2,12
WITCHERY,Candelabra,CANDELABRA,ALTAR;TALLOW;ATTUNEDSTONE,,,0,0,15xPraecantatio;12xLux;9xOrdo;6xIgnis,,,,0,-2
WITCHERY,Witchery Spinning Wheel,SPINNINGWHEELW,KETTLE,,,0,0,18xArbor;15xMotus;12xFabrico;9xInstrumentum;6xAer;3xPraecantatio,,,,6,0
WITCHERY,Waystone,WAYSTONE,RITUALCHALK,,,3,2,15xMotus;12xIter;9xTenebrae;6xPraecantatio,,,,8,-4
WITCHERY,Fume Funnel,FUMEFUNNEL,OVEN,,,1,1,15xMetallum;12xIgnis;9xLux;6xSensus,,,,0,2
WITCHERY,Filtered Fume Funnel,FILTEREDFUMEFUNNEL,FUMEFILTER,,,1,1,15xMetallum;12xVitreus;9xLux;6xPraecantatio,,,,2,4
WITCHERY,Arthana,ARTHANA,ALTAR,,,1,1,15xPraecantatio;12xLucrum;9xInstrumentum;6xMortuus,,,,-4,-2
WITCHERY,Witchery Altar,ALTAR,OVEN;ARCANESTONE,,,1,1,15xPraecantatio;12xFabrico;9xArbor;6xTerra,,,,-2,0
WITCHERY,Chalice,CHALICE,ALTAR;ATTUNEDSTONE,,,0,0,15xPraecantatio;12xLucrum;9xMetallum;6xTerra,,,,0,0
WITCHERY,Warm Blood,WARMBLOOD,ALTAR,,,2,1,15xFames;12xLucrum;9xAqua;6xExanimis,,,,-2,-2
WITCHERY,Fume Filter,FUMEFILTER,DISTILESSENTIA;FUMEFUNNEL;ATTUNEDSTONE,,,0,0,9xMetallum;9xVitreus;6xLucrum;3xPraecantatio,,,,2,2
WITCHERY,Attuned Stone,ATTUNEDSTONE,OVEN,,,0,0,15xInstrumentum;12xVitreus;9xOrdo;6xPraecantatio,,,,2,0
WITCHERY,Witchery Oven,OVEN,,,,1,1,15xMetallum;12xFabrico;9xInstrumentum;6xMachina,,,,-2,2
WITCHERY,Ruby Slippers,RUBYSLIPPERS,BLOODALTAR;SPINNINGWHEELW,,,3,2,21xAuram;18xAer;15xFames;12xLucrum;9xVitreus;6xPotentia;3xPraecantatio,,,,6,-2
WITCHERY,Anointing Paste,ANOINTINGPASTE,,,,0,0,12xFabrico;9xAqua;6xPraecantatio,,,,0,-4
WITCHERY,Ritual Chalk,RITUALCHALK,DISTILLERY,,,0,0,18xSensus;15xMotus;12xAuram;9xPotentia;6xIter;3xPraecantatio,,,,8,-2
WITCHERY,Quartz Sphere,QUARTZSPHERE,ATTUNEDSTONE,,,0,0,15xVitreus;12xInstrumentum;9xAuram;6xOrdo;3xPraecantatio,,,,2,-2
WITCHERY,Witchery Kettle,KETTLE,ATTUNEDSTONE,,,1,1,15xMetallum;12xFabrico;9xInstrumentum;6xIgnis,,,,4,0
WITCHERY,Circle Talisman,CIRCLETALISMAN,RITUALCHALK,,,1,1,18xLucrum;15xMotus;12xAuram;9xPotentia;6xAer;3xPraecantatio,,,,10,-2
WITCHERY,Distillery,DISTILLERY,SPINNINGWHEELW,,,2,1,18xMetallum;15xMotus;12xFabrico;9xInstrumentum;6xAqua;3xPraecantatio,,,,8,0
